Count,Title,ID,Author,URL,Score,Comment count,Created
1,Dolar 34 olmuş.,1fxw0qs,Majestic-Craft-9881,https://i.redd.it/7wlqq55hj8td1.jpeg,1,1,1728263760.0
2,Road trip turkiye to cappocia,1fxpvpo,Dear-Ad-8493,https://www.reddit.com/r/Turkiye/comments/1fxpvpo/road_trip_turkiye_to_cappocia/,1,2,1728246088.0
3,Internship interest ,1fx18ws,Temporary_Plant_481,https://www.reddit.com/r/Turkiye/comments/1fx18ws/internship_interest/,1,0,1728164908.0
4,"Milli Eğitim Bakanlığı 2023-2024 Örgün Eğitim İstatistikleri’ni yayımladı. Kademe yükseldikçe okullaşma düşüyor. Eğitim çağındaki yaklaşık 2,9 milyon çocuğun eğitimin dışında kaldığı ortaya çıktı. Sayıları oldukça artan imam hatiplerin öğrenci sayısı ise azalmaya devam ediyor.",1fvtnqf,Plane_File8536,https://i.redd.it/ulh1y6000psd1.jpeg,14,7,1728027403.0
5,"Eylül ayında en az 152, yılın ilk dokuz ayında en az 1371 işçi iş cinayetlerinde hayatını kaybetti",1fvtfbe,Plane_File8536,https://www.reddit.com/gallery/1fvtfbe,18,1,1728026318.0
6,Normal Türk bir Reddit kullanıcısı.,1fuof7w,Wild-Solid-2248,https://i.redd.it/uh53p4z37esd1.png,0,2,1727896404.0
7,"Halkbank Yönetim Kurulu üyesi de olan RTÜK Başkanı Ebubekir Şahin’in RTÜK'te bacanağını işe aldığı, kayınbiraderini ise Daire Başkan Yardımcısı yaptığı ortaya çıktı. Eşinin de işe gitmeden TRT’den maaş aldığı öğrenilen Şahin, BirGün'ün sorularını yanıtsız bıraktı.",1fpnv7y,Plane_File8536,https://www.reddit.com/r/Turkiye/comments/1fpnv7y/halkbank_yönetim_kurulu_üyesi_de_olan_rtük/,8,2,1727324241.0
8,Anayasa'nın ilk dört maddesi seçimle değiştirilemez ancak yok edilebilir,1fizlax,AvFurkanPatir,https://v.redd.it/dgu3ifb5idpd1,37,8,1726580544.0
9,Turkiye Bursları next steps,1fiyj6p,Frequent-Carpet4500,https://www.reddit.com/r/Turkiye/comments/1fiyj6p/turkiye_bursları_next_steps/,0,0,1726577826.0
10,Turkiye Bursları next steps,1fiy0cf,Frequent-Carpet4500,https://www.reddit.com/r/Turkiye/comments/1fiy0cf/turkiye_bursları_next_steps/,1,0,1726576438.0
11,AMED SK neden kapatılmıyor,1fgrb1l,Admirable-Lock-9293,https://i.redd.it/jl4z06vp7tod1.jpeg,53,13,1726334810.0
12,"Sendikaya üye oldukları için işten atılan ve 57 gündür Çatalca'daki Polonez fabrikası önünde eylem yapan işçilere polis sert müdahale etti. Müdahalede bir işçinin kaburgaları, bir işçinin de kolu ve bacağı kırıldı.",1fgekt9,Plane_File8536,https://i.redd.it/3oz4k9j3ipod1.png,22,1,1726289916.0
13,"Hatay'da 51 kişinin öldüğü Cemil Çapar Apartmanı'yla ilgili davanın duruşmasında müteahhit Mehmet Özkan, suçsuz olduğunu savundu. Çapar, ""Depremi biz yapmadık ki. Deprem Allah'tan oldu, ona inanmayanlar çıkmış bizi suçluyor"" dedi.",1fgecru,Plane_File8536,https://i.redd.it/j32x1tbqfpod1.jpeg,22,3,1726289089.0
14,denecek soz yok,1ffumxo,,https://i.redd.it/oq522y9cvkod1.png,0,1,1726233808.0
15,How to verify a TAX number of a Turkish company?,1ffpryw,axel_duncan,https://www.reddit.com/r/Turkiye/comments/1ffpryw/how_to_verify_a_tax_number_of_a_turkish_company/,2,0,1726216285.0
16,Sinav senesi,1ff90ch,Xraen641,https://www.reddit.com/r/Turkiye/comments/1ff90ch/sinav_senesi/,2,5,1726164065.0
17,Amazon iade,1ff4o5o,Necessary_State4560,https://www.reddit.com/r/Turkiye/comments/1ff4o5o/amazon_iade/,3,13,1726153220.0
18,%50 Increase to KYK Dormitory Fees Starting 24-25 Academic Year,1ff2zgs,elephantrider243,https://www.theistanbulchronicle.com/post/50-increase-to-kyk-dormitory-fees-starting-24-25-academic-year,3,1,1726148835.0
19,Istanbul tips,1fcllj0,zmajcek,https://www.reddit.com/r/Turkiye/comments/1fcllj0/istanbul_tips/,1,2,1725875390.0
20,Klasik bir türk dayısının özelliklerini listeleyebilir misiniz?,1fbemta,Tr_Dayi,https://www.reddit.com/r/Turkiye/comments/1fbemta/klasik_bir_türk_dayısının_özelliklerini/,1,2,1725736211.0
21,Đumišić (Cumişiç) pasha in a Bosnian town during the Ottoman rule,1fakfl0,Feeling_Associate491,https://www.reddit.com/r/Turkiye/comments/1fakfl0/đumišić_cumişiç_pasha_in_a_bosnian_town_during/,3,0,1725642592.0
22,Google Play Ödeme,1f6cy2o,ntfmthrds,https://www.reddit.com/r/Turkiye/comments/1f6cy2o/google_play_ödeme/,1,2,1725192694.0
23,Doblocular,1f6bwik,Bechoman,https://www.reddit.com/r/Turkiye/comments/1f6bwik/doblocular/,2,2,1725188872.0
24,"""Göç izleme derneği"" yürütülen soruşturma sonrası PKK ile bağlantıları ortaya çıktı. Tüm mal varlığı donduruldu. ABD ve BM den aldıkları 338 bin dolar fon'u terör örgütü PKK propagandasına yönelik yayınlar hazırlamak ve seminer düzenlemek için kullandığı tespit edildi.
",1f5moeu,inanma,https://i.redd.it/m05nr943zzld1.png,27,1,1725109117.0
25,"Koza Altın’a, Gümüşhane Kelkit’teki yeni altın madeni için dahil olmak üzere yılbaşından bu yana Bakanlık sekiz kez ""Çevresel Etki Değerlendirmesi gerekli değil"" kararı verdi. Şirket Kelkit'te, yıllık 42 bin ton cevher üretmeyi planlıyor. Proje, orman ve mera alanlarını da etkiliyor.",1f4r7ep,Plane_File8536,https://i.redd.it/5y0rbv93vrld1.jpeg,8,1,1725010982.0
26,Turkish songs recommendation please!,1f3tna3,Mysterious_Party69,https://www.reddit.com/r/Turkiye/comments/1f3tna3/turkish_songs_recommendation_please/,1,1,1724905048.0
27,Nike İade,1f3h3p6,dadsin,https://www.reddit.com/r/Turkiye/comments/1f3h3p6/nike_iade/,1,4,1724868592.0
28,RDR2 ARTHUR MORGAN FIGURU!!,1f3am96,zepplinee,https://www.reddit.com/r/Turkiye/comments/1f3am96/rdr2_arthur_morgan_figuru/,1,0,1724852812.0
29,Is there a way to buy a phone in Turkiye without going there?,1f2v7zz,ash_919,https://www.reddit.com/r/Turkiye/comments/1f2v7zz/is_there_a_way_to_buy_a_phone_in_turkiye_without/,1,0,1724800444.0
30,15.000 TL Yİ NASIL DEĞERLENDİRMELİ?,1f0cp3t,,https://www.reddit.com/r/Turkiye/comments/1f0cp3t/15000_tl_yi_nasil_değerlendirmeli/,1,12,1724525700.0
31, Beyler table top fantasy ile uğraşan var mı?,1ezdamk,T3iLight,https://www.reddit.com/r/Turkiye/comments/1ezdamk/beyler_table_top_fantasy_ile_uğraşan_var_mı/,0,10,1724421090.0
32,"Whats the difference between ""Türk"" and ""Türkiyeli"" ",1eywe05,Txqp,https://www.reddit.com/r/Turkiye/comments/1eywe05/whats_the_difference_between_türk_and_türkiyeli/,10,22,1724365450.0
33,Roblox açılmalı mı? ,1eypba2,Kehribar13,https://i.redd.it/a67kktl839kd1.jpeg,0,8,1724347774.0
34,Türkiye de anime kızları ,1eyomda,Kehribar13,https://i.redd.it/y76hnn5ay8kd1.jpeg,0,0,1724346107.0
35,Twrilywoos ,1eygstt,Kehribar13,https://i.redd.it/l1xgb9dr97kd1.jpeg,1,4,1724325753.0
36,Inheritance,1exs01j,No_Palpitation_7160,https://www.reddit.com/r/Turkiye/comments/1exs01j/inheritance/,1,0,1724252807.0
37,"Görme Engelliler Çevreyi Puanlarsa... ,",1exmqls,survivoremin,https://youtube.com/shorts/av7m4vQz844?si=Lh0tstbRhyU9GYVn,1,0,1724238278.0
38,"Turkish Subs Index için teşekkürler! Tekrar tekrar açıp aklımdaki konuyla ilgili subredditlere bakıyorum. Ama tarıma, hayvancılığa, veya gıdaya dair hiç bir subreddit göremedim... Bu konularda Türkiye odaklı bir subreddit yok mu?",1ex7gbe,Plane_File8536,https://i.redd.it/pcnu8tc1zvjd1.jpeg,7,3,1724188987.0
39,I am travelling to Turkey with my friends for first time. Please suggest one between Antalya and Alaçati,1euiilx,talkingpiptom,https://www.reddit.com/r/Turkiye/comments/1euiilx/i_am_travelling_to_turkey_with_my_friends_for/,3,4,1723903505.0
40,hızlı para,1eu7zuu,kayzmonroe,https://www.reddit.com/r/Turkiye/comments/1eu7zuu/hızlı_para/,1,2,1723864784.0
41,The world’s largest ancient mosaic has been discovered in Turkey,1etoi4w,recepg89,https://i.redd.it/8iakz1mbzzid1.jpeg,1,1,1723814106.0
42,Dini amaçlı madde kullanımı ve üretiminin yasallaşması.,1eqdnkl,purplemaze12,https://www.reddit.com/r/Turkiye/comments/1eqdnkl/dini_amaçlı_madde_kullanımı_ve_üretiminin/,1,0,1723469083.0
43,"Niğde'de yüzlerce köpeğin öldürüldüğü iddialarının, Ankara Altındağ'daki karma hayvan katliamının, 20'den fazla çeşitli mermiyle vurulan köpeğin haberlerinin ardından, Edirne Uzunköprü'den bir köpek katliamı ve bir vatandaşın Manisa Salihli'de 3 yavru kediyi fırça sapı ile öldürdüğü haberleri geldi",1eq9mqe,Plane_File8536,https://www.reddit.com/gallery/1eq9mqe,28,12,1723456456.0
44,satilik mal,1epzxex,mirkawls,https://www.reddit.com/r/Turkiye/comments/1epzxex/satilik_mal/,0,0,1723422282.0
45,"RSF raporuna göre Türkiye'de son 10 yılda en az 131 gazeteci tutuklandı, 77 gazeteci hakkında ""cumhurbaşkanına hakaret"" iddiasıyla ceza verildi, 40 gazeteci mahkum edildi, 3'ü Suriyeli 5 gazeteci öldürüldü, %85 üzerinde ulusal medya hükümet kontrolünde, ve 3 büyük sosyal ağ engellendi",1epe0s7,Plane_File8536,https://i.redd.it/3fodok08azhd1.jpeg,22,1,1723357385.0
46,Grubumuza üye arıyoruz ,1ep32wk,Temporary-Visual5204,https://www.reddit.com/r/Turkiye/comments/1ep32wk/grubumuza_üye_arıyoruz/,2,4,1723323140.0
47,"Türk Psikologlar Derneği, Altındağ'daki tepki çeken köpek katliamı görüntüleriyle ilgili uyarılarda bulundu. ""Bu yasa, şiddete eğilimli kişilerin cesaretlenmesine zemin hazırlamaktadır... Bu olay, daha da korkunç şiddet olaylarının habercisi olabilir."" denildi.",1eoui1l,Plane_File8536,https://i.redd.it/j1cuajc5luhd1.jpeg,2,1,1723300511.0
48,Biz  kuzey kore 2 ye dönüyoz ,1ennphs,binatl1,https://www.reddit.com/r/Turkiye/comments/1ennphs/biz_kuzey_kore_2_ye_dönüyoz/,6,1,1723168374.0
49,Türkiye ve Sosyal Medya Düzenlemeleri,1emnpjb,abesileistigal,https://www.reddit.com/r/Turkiye/comments/1emnpjb/türkiye_ve_sosyal_medya_düzenlemeleri/,2,0,1723065571.0
50,Mim dunyasının kalbine oturduk valla,1emc5qm,muhbir111,https://i.redd.it/y3b6wcpbx8hd1.jpeg,68,1,1723038241.0
51,Tek çare ortak mücadele (BirGün Gazetesi'nin siyaset yazısı),1eld6jh,Plane_File8536,https://www.reddit.com/r/Turkiye/comments/1eld6jh/tek_çare_ortak_mücadele_birgün_gazetesinin/,5,2,1722935857.0
52,"CHP Genel Başkanı Özgür Özel, 'Eğitim Sendikalarıyla Buluşma' programında CHP'nin eğitim müfredatına anayasa kadar önem verdiğini belirtti, iktidarın hazırladığı ve TBMM'deki görüşmeleri ekim ayına kalan 'Öğretmenlik Meslek Kanunu' için de ""Atanmayan öğretmenlerin diplomasını çalma girişimi"" dedi.",1ekykt0,Plane_File8536,https://www.reddit.com/r/Turkiye/comments/1ekykt0/chp_genel_başkanı_özgür_özel_eğitim/,2,3,1722890523.0
53,"Ankara'da balık tutulacak yerler nerelerdir, teşekkür ederim",1ekibwr,Strange_Reason_832,https://www.reddit.com/r/Turkiye/comments/1ekibwr/ankarada_balık_tutulacak_yerler_nerelerdir/,7,2,1722845157.0
54,"İmamoğlu, SGK’nin borç karnesini anlattı: Kendi başarısızlığınızın faturasını belediyelerden çıkarmaya çalışmayın",1ejojgf,Plane_File8536,/r/Turkey/comments/1ejnyng/imamoğlu_sgknin_borç_karnesini_anlattı_kendi/,1,0,1722752330.0
55,İş değiştirmek mantıklı mı?,1eje876,Ok-Mathematician7050,https://www.reddit.com/r/Turkiye/comments/1eje876/iş_değiştirmek_mantıklı_mı/,4,5,1722719865.0
56,Polis nasil olabilirim,1ej425j,Abject-Owl-8769,https://www.reddit.com/r/Turkiye/comments/1ej425j/polis_nasil_olabilirim/,1,2,1722693695.0
57,Debt of European countries,1ej34cc,Onn006,https://i.redd.it/gtwdc1qmsfgd1.jpeg,2,1,1722690973.0
58,Dedeler ve torunlar çalışırken ölüyor,1ej0048,Plane_File8536,https://www.reddit.com/r/Turkiye/comments/1ej0048/dedeler_ve_torunlar_çalışırken_ölüyor/,10,1,1722680471.0
59,Sultanahmet Square | Istanbul | Turkey,1eiil8o,BaldandCorrupted,https://youtube.com/watch?v=HCz1b-npC5c&si=WQuOXCSfeOBcfYdj,2,0,1722626179.0
60,"Instagrama getirilen erişim engeli hakkında
",1eib6i7,Shot_Cupcake,https://www.reddit.com/r/Turkiye/comments/1eib6i7/instagrama_getirilen_erişim_engeli_hakkında/,2,2,1722608208.0
61,"Halkın parasıyla zenginlere ev [ TOKİ, kuruluş amacından uzaklaştı. ]",1ei6fax,Plane_File8536,https://www.reddit.com/r/Turkiye/comments/1ei6fax/halkın_parasıyla_zenginlere_ev_toki_kuruluş/,6,3,1722593664.0
62,15 temmuz,1ei4xqd,Skrmaglrsn,https://www.reddit.com/r/Turkiye/comments/1ei4xqd/15_temmuz/,0,1,1722587668.0
63,Turkiyede bulunabilicek en ekonomik protein tozu ve kreatin?,1ei0eb0,TheMediterraneanSeal,https://www.reddit.com/r/Turkiye/comments/1ei0eb0/turkiyede_bulunabilicek_en_ekonomik_protein_tozu/,0,4,1722570530.0
64,"Salda Gölü’ne asfalt kaydırıldı | ""Buradan çıkar elde edilmek isteniyor""",1ehs98j,Plane_File8536,https://www.reddit.com/r/Turkiye/comments/1ehs98j/salda_gölüne_asfalt_kaydırıldı_buradan_çıkar_elde/,3,1,1722547389.0
65,Why you guys have most badass main characters ,1ehhosa,No_Grass5803,https://www.reddit.com/r/Turkiye/comments/1ehhosa/why_you_guys_have_most_badass_main_characters/,11,3,1722521512.0
66,"South Korea sent a fully-kitted out player for the Olympic shooting. 
Turkey sent an 51 yr old guy with no specialized lenses, eye cover or ear protection and got the silver medal",1ehaibs,joyfulones,https://i.redd.it/zrhvhryikwfd1.png,3,0,1722496749.0
67,"Eskişehir Pati Park kuralları vs Çocuk parkı, şaka gibi gelebilir ama gerçek. Link yorumda isteyen gidip bakabilir pati park nasılmış diye. ",1egzc2z,inanma,https://i.redd.it/2653vd65cxfd1.png,46,7,1722462200.0
68,Doktorun bir günü,1ef3u6m,ImpressiveYam5792,https://www.reddit.com/r/Turkiye/comments/1ef3u6m/doktorun_bir_günü/,1,0,1722270341.0
69,How to get from Taksim to Sultanahmet using Public Transport | Istanbul ...,1edikgx,BaldandCorrupted,https://youtube.com/watch?v=WTyFWtIjRsE&si=tD1t5QdndMHAeZBJ,6,1,1722093029.0
70,Allah Allah... ,1eclofr,MinjinBE,https://i.redd.it/6n3yr7kplued1.jpeg,24,3,1721993142.0
71,Supermarkets have feelings too..,1ecbksz,fungieth,https://i.redd.it/0mkmsfslkred1.jpeg,65,7,1721956452.0
72,Alman gazetesi Bild: Suriye kasabı mültecileri geri almalı,1ebzfnm,,https://i.redd.it/dfyrmav60ped1.jpeg,19,3,1721925503.0
73,The Best Cakes in Istanbul | Taksim Sütiş | Turkey,1ea5frm,BaldandCorrupted,https://youtube.com/watch?v=Hiia4ulYv7Y&si=aH81ocb_p2QE4bJr,3,0,1721733996.0
74,"Afyonkarahisar'da bir reklam şirketi sahibi, AKP'den ödeme alamadığı gerekçesiyle pankart bastırdı. Şahıs, ""Afyon AK Parti Beni Batırdı"" yazılı pankartla tüm şehri dolaştı.",1e9g4p0,Plane_File8536,https://i.redd.it/9qz47mtv13ed1.jpeg,36,5,1721659664.0
75,Oğullarınızı sünnet ettirir misiniz?,1e9e3r4,,https://www.reddit.com/r/Turkiye/comments/1e9e3r4/oğullarınızı_sünnet_ettirir_misiniz/,1,2,1721654325.0
76,How to get from Istanbul Airport using Public Transport | Turkey,1e7wyqd,BaldandCorrupted,https://youtube.com/watch?v=nTE8gmkeN78&si=NhzxqUWrYDN718S5,3,0,1721485875.0
77,Vizesiz gidilen balkan ülkelerinde pasaporta damga basılıyor mu,1e7j9av,TranslatorNo6512,https://www.reddit.com/r/Turkiye/comments/1e7j9av/vizesiz_gidilen_balkan_ülkelerinde_pasaporta/,3,3,1721436397.0
78,Yabanci partnerim Turkiyeye alisabilir mi ?,1e5zfcg,bedribinbasi,https://www.reddit.com/r/Turkiye/comments/1e5zfcg/yabanci_partnerim_turkiyeye_alisabilir_mi/,0,11,1721266488.0
79,Vmware programi ulkemizde calisiyor mu ?,1e5zefx,bedribinbasi,https://www.reddit.com/r/Turkiye/comments/1e5zefx/vmware_programi_ulkemizde_calisiyor_mu/,0,6,1721266412.0
80,Spaniard seeking for IT job in Turkey,1e3sknk,Seruxchico,https://www.reddit.com/r/Turkiye/comments/1e3sknk/spaniard_seeking_for_it_job_in_turkey/,1,0,1721043374.0
81,"Merhaba zonguldakta bir haftaligina arac kiralamak istiyorum , uygun ve iyi bir car rental var midir yada otomatik araci olupta kiralamak isteyen var mi?",1e31g8x,CowExisting1653,https://www.reddit.com/r/Turkiye/comments/1e31g8x/merhaba_zonguldakta_bir_haftaligina_arac/,2,0,1720961179.0
82,What do Turkish people think of Abkhazia,1e2awvq,uU4EYA,https://www.reddit.com/r/Turkiye/comments/1e2awvq/what_do_turkish_people_think_of_abkhazia/,0,10,1720878683.0
83,The suffix used in the demonyms of Turkish provinces,1e0c61i,zulufdokulmusyuze,https://i.redd.it/brqiworafsbd1.jpeg,24,2,1720659227.0
84,Azərbaycandan salamlar :D,1dzwu98,Recent_Finger5905,https://www.reddit.com/r/Turkiye/comments/1dzwu98/azərbaycandan_salamlar_d/,12,4,1720620877.0
85,Turkiyenin hangi firmalari lojman imkani veriyor?,1dxrg7a,Dazzling_Sandwich_70,https://www.reddit.com/r/Turkiye/comments/1dxrg7a/turkiyenin_hangi_firmalari_lojman_imkani_veriyor/,1,4,1720387626.0
86,Do Turkish people hate All Arabs? Even the Arabs from the Gulf Region? ,1dxkxau,Txqp,https://www.reddit.com/r/Turkiye/comments/1dxkxau/do_turkish_people_hate_all_arabs_even_the_arabs/,23,71,1720370861.0
87,"Amerikadan Egitimimi tamamladim, Turkiyede hangi is imkanlarim olabilir? ",1dxjo65,Dazzling_Sandwich_70,https://www.reddit.com/r/Turkiye/comments/1dxjo65/amerikadan_egitimimi_tamamladim_turkiyede_hangi/,1,4,1720367561.0
88,Scoreboard: Netherlands vs Turkiye,1dwqh4a,Onn006,/r/euro2024/comments/1dwp1sv/scoreboard_netherlands_vs_turkiye/,2,2,1720274999.0
89,Bozkurt işaretine ceza hakkında görüşleriniz?,1dvy60p,Dark_Army_1337,https://www.reddit.com/r/Turkiye/comments/1dvy60p/bozkurt_işaretine_ceza_hakkında_görüşleriniz/,11,16,1720186547.0
90,Dalyan - A documentary about Tourism and Nature Conservation,1dreodj,STRAWANZA2502,https://youtu.be/soEtK3OPOB4,1,1,1719677525.0
91,Lgsde 360 puan almisim ne yapicam bilmiyorum,1dqlz38,JumpyBasis1102,https://www.reddit.com/r/Turkiye/comments/1dqlz38/lgsde_360_puan_almisim_ne_yapicam_bilmiyorum/,2,9,1719587547.0
92,Yardimci gerekiyorum,1dpedpe,,https://www.reddit.com/r/Turkiye/comments/1dpedpe/yardimci_gerekiyorum/,6,5,1719448983.0
93,En Hızlı iş bulma ve para kazanma yöntemi?,1doxww1,beminay,https://www.reddit.com/r/Turkiye/comments/1doxww1/en_hızlı_iş_bulma_ve_para_kazanma_yöntemi/,1,5,1719406462.0
94,"Türk-Japon ilişkilerinin 100. yılı dolayısıyla Japonya'yı ziyaret eden Türk korveti KINALIADA, Japon destroyeri TAKANAMI ile askeri eğitim tatbikatı gerçekleştirdi.",1dlk3pu,susamcocuk,https://www.reddit.com/gallery/1dljwfi,22,1,1719019537.0
95,Leman Dergisi Kapagi ,1dl5x32,ilolog,https://i.redd.it/46tm25atux7d1.jpeg,4,2,1718981602.0
96,Fen isleri yol yapiyorsa fenle ne alakasi var,1djg6hc,Neat_Material9969,https://www.reddit.com/r/Turkiye/comments/1djg6hc/fen_isleri_yol_yapiyorsa_fenle_ne_alakasi_var/,1,0,1718794121.0
97,Mafya/cete uye ile bi hayat nasil gecer?,1djfhtm,Sweet-dreams11,https://www.reddit.com/r/Turkiye/comments/1djfhtm/mafyacete_uye_ile_bi_hayat_nasil_gecer/,0,7,1718791448.0
98,Kafayi yicem,1dhkjoa,Esma2343,https://www.reddit.com/r/Turkiye/comments/1dhkjoa/kafayi_yicem/,0,4,1718581222.0
99,Dalyan - Tourism and Nature Conservation,1dhahwc,STRAWANZA2502,https://youtu.be/soEtK3OPOB4?si=lDJV8w2puVId_pmy,5,1,1718553021.0
100,PDF'lerde ve web sitelerinde Türkçe kelime araması: Definer vurgulayıp çeviren tarayıcı eklentisi ve Tureng kullanımı,1de4oqa,DeLaRoka,https://v.redd.it/2vea40i1p46d1,14,2,1718192892.0
