Post Number,Platform,Username,Content URL,Text,Creation Date,Likes,Comments,Additional Info
1,YouTube,@Joaquin2K11,https://www.youtube.com/watch?v=E0aLC95S7zg,ArÃ§elik&#39;in maskotlarÄ±nÄ± Ã§ok seviyorum.,N/A,N/A,N/A,"Video: ArÃ§elik in love Serisi Ã‡amaÅŸÄ±r Makineleri, Channel: ArÃ§elik"
2,YouTube,@AytenÅaÅŸmaz-h9x,https://www.youtube.com/watch?v=E0aLC95S7zg,ArÃ§elik servisi â¤ğŸ˜‚ğŸ˜‚ğŸ‰ğŸ‰ğŸ˜¢ğŸ˜¢ğŸ˜®ğŸ˜®ğŸ˜®ğŸ˜…ğŸ˜…ğŸ˜Š,N/A,N/A,N/A,"Video: ArÃ§elik in love Serisi Ã‡amaÅŸÄ±r Makineleri, Channel: ArÃ§elik"
3,YouTube,@efe_akc,https://www.youtube.com/watch?v=E0aLC95S7zg,Åimdilik maskot yokğŸ˜¢,N/A,N/A,N/A,"Video: ArÃ§elik in love Serisi Ã‡amaÅŸÄ±r Makineleri, Channel: ArÃ§elik"
4,YouTube,@AytenÅaÅŸmaz-h9x,https://www.youtube.com/watch?v=E0aLC95S7zg,ArÃ§elik Ã§amaÅŸÄ±r Makinesi servisi â¤ğŸ˜‚ğŸ‰ğŸ˜¢ğŸ˜®ğŸ˜…,N/A,N/A,N/A,"Video: ArÃ§elik in love Serisi Ã‡amaÅŸÄ±r Makineleri, Channel: ArÃ§elik"
5,YouTube,@AytenÅaÅŸmaz-h9x,https://www.youtube.com/watch?v=E0aLC95S7zg,ArÃ§elik Ã§amaÅŸÄ±r Makinesi â¤â¤ğŸ‰ğŸ˜¢ğŸ˜®ğŸ˜…ğŸ˜Š,N/A,N/A,N/A,"Video: ArÃ§elik in love Serisi Ã‡amaÅŸÄ±r Makineleri, Channel: ArÃ§elik"
6,YouTube,@AytenÅaÅŸmaz-h9x,https://www.youtube.com/watch?v=E0aLC95S7zg,ArÃ§elik Ã§amaÅŸÄ±r modelleri ve fiyatlarÄ± birğŸ˜…â¤ğŸ˜ŠğŸ˜Š,N/A,N/A,N/A,"Video: ArÃ§elik in love Serisi Ã‡amaÅŸÄ±r Makineleri, Channel: ArÃ§elik"
7,YouTube,@AytenÅaÅŸmaz-h9x,https://www.youtube.com/watch?v=E0aLC95S7zg,ArÃ§elik servisi iÃ§in hemen tÄ±klayÄ±n baÄŸlantÄ±sÄ±yla gÃ¶rÃ¼nÃ¼mler,N/A,N/A,N/A,"Video: ArÃ§elik in love Serisi Ã‡amaÅŸÄ±r Makineleri, Channel: ArÃ§elik"
8,YouTube,@ayhankosar963,https://www.youtube.com/watch?v=E0aLC95S7zg,â¤,N/A,N/A,N/A,"Video: ArÃ§elik in love Serisi Ã‡amaÅŸÄ±r Makineleri, Channel: ArÃ§elik"
9,YouTube,@Robloxwash,https://www.youtube.com/watch?v=E0aLC95S7zg,BeyazÄ± Ã§ok gÃ¼zel be ğŸ˜ğŸ˜ğŸ¥µğŸ¥µ,N/A,N/A,N/A,"Video: ArÃ§elik in love Serisi Ã‡amaÅŸÄ±r Makineleri, Channel: ArÃ§elik"
10,YouTube,@Alex_TR1713,https://www.youtube.com/watch?v=E0aLC95S7zg,ArÃ§eliÄŸin En sevdiÄŸim makine modeli â¤ğŸ˜Š,N/A,N/A,N/A,"Video: ArÃ§elik in love Serisi Ã‡amaÅŸÄ±r Makineleri, Channel: ArÃ§elik"
11,YouTube,@girginmatbaa5511,https://www.youtube.com/watch?v=E0aLC95S7zg,AR,N/A,N/A,N/A,"Video: ArÃ§elik in love Serisi Ã‡amaÅŸÄ±r Makineleri, Channel: ArÃ§elik"
12,YouTube,@hulyaakkoc1599,https://www.youtube.com/watch?v=E0aLC95S7zg,m,N/A,N/A,N/A,"Video: ArÃ§elik in love Serisi Ã‡amaÅŸÄ±r Makineleri, Channel: ArÃ§elik"
13,YouTube,@teamyankee,https://www.youtube.com/watch?v=E0aLC95S7zg,"Eskiden beyaz eÅŸya denilince sadece beyaz renk akla gelirdi. Åimdi beyaz eÅŸyalarÄ± inox, bordo, pembe, yeÅŸil ve kiremit renginden yapÄ±yorlar.",N/A,N/A,N/A,"Video: ArÃ§elik in love Serisi Ã‡amaÅŸÄ±r Makineleri, Channel: ArÃ§elik"
14,YouTube,@muratkartal6781,https://www.youtube.com/watch?v=E0aLC95S7zg,Ä°mdat kaedeism bu reklamÄ± izleyip duruyir,N/A,N/A,N/A,"Video: ArÃ§elik in love Serisi Ã‡amaÅŸÄ±r Makineleri, Channel: ArÃ§elik"
15,YouTube,@CybzFG,https://www.youtube.com/watch?v=E0aLC95S7zg,Canâ€™t believe Outfit7 stole the boy robot.,N/A,N/A,N/A,"Video: ArÃ§elik in love Serisi Ã‡amaÅŸÄ±r Makineleri, Channel: ArÃ§elik"
16,YouTube,@mesutklcaslan581,https://www.youtube.com/watch?v=E0aLC95S7zg,"ğŸ˜¡ğŸ˜¡ArÃ§elikten bir Ã¼tÃ¼ aldÄ±m Ã¼tÃ¼lemiyodu iade ettim dedimki tamam Ã¼tÃ¼ yapmayÄ± beceremiyolardÄ±r. Daha sonra set Ã¼stÃ¼ ocak aldÄ±m defolu geldi dedimki deÄŸiÅŸtirelim bana 1600 tl daha ucuz olan bir ocak verdiler tamam ama o 1600 tl farkÄ± iade etmemek iÃ§in ellerinden geleni yaptÄ±lar ve vermediler Ã§ingene gibi davrandÄ±lar ve ocaktanda memnun deÄŸilim iademide kabul etmediler<br>ArÃ§elikten kesinlikle birÅŸey almayÄ±n boÅŸu boÅŸuna sinir stres sahibi olursunuz. Muhattab bulamÄ±yorsunuz bulduÄŸunuzda sizi Ã¶yle bir zorluyoki katil olursunuz. Kesinlikle hiÃ§birÅŸey almayÄ±n, anlayÄ±ÅŸ yok kalite yok, dolandÄ±rÄ±cÄ±lÄ±k bir sistem var. Haram zÄ±kkÄ±m olsun",N/A,N/A,N/A,"Video: ArÃ§elik in love Serisi Ã‡amaÅŸÄ±r Makineleri, Channel: ArÃ§elik"
17,YouTube,@Ğ”Ğ¸Ğ½Ğ°ĞĞ¹Ğ³Ğ°Ğ½Ğ°Ñ‚Ğ¾Ğ²Ğ°-Ñ‡9Ñ…,https://www.youtube.com/watch?v=E0aLC95S7zg,ğŸ’™ğŸ’™ğŸ’™ğŸ’™ğŸ’šğŸ’šğŸ’™ğŸ’™â¤ï¸â¤ï¸â¤ï¸â¤ï¸â¤ï¸â¤ï¸,N/A,N/A,N/A,"Video: ArÃ§elik in love Serisi Ã‡amaÅŸÄ±r Makineleri, Channel: ArÃ§elik"
18,YouTube,@erenqx11,https://www.youtube.com/watch?v=E0aLC95S7zg,dÃ¼nyanÄ±n en iyi markasÄ± hangisi derseniz ArÃ§elik derim Ã§Ã¼nkÃ¼ ArÃ§elik dÃ¼nyanÄ±n en iyi markasÄ± :),N/A,N/A,N/A,"Video: ArÃ§elik in love Serisi Ã‡amaÅŸÄ±r Makineleri, Channel: ArÃ§elik"
19,YouTube,@ismailbektas7898,https://www.youtube.com/watch?v=E0aLC95S7zg,Reklama Ã§ok var ama hiÃ§te maÄŸazalara gidince gÃ¶reliml,N/A,N/A,N/A,"Video: ArÃ§elik in love Serisi Ã‡amaÅŸÄ±r Makineleri, Channel: ArÃ§elik"
20,YouTube,@alperenesendag5728,https://www.youtube.com/watch?v=E0aLC95S7zg,Abimin arkadaÅŸÄ±nÄ±n bunun pembesi vardÄ± onunda beyni yandÄ± bide kazanÄ± dÃ¼ÅŸmÃ¼ÅŸtÃ¼ iÃ§inde yorgan varken bide beyni         yandÄ± sonra makineye beyin bulamadÄ±lar sonra ArÃ§elik Ä°n love 9123 Ã§amaÅŸÄ±r makinesi aldÄ±lar bide pembe in love Ä± 5 yÄ±l kullandÄ±lar.,N/A,N/A,N/A,"Video: ArÃ§elik in love Serisi Ã‡amaÅŸÄ±r Makineleri, Channel: ArÃ§elik"
21,YouTube,@burun4099,https://www.youtube.com/watch?v=E0aLC95S7zg,Bebekken korkan tek benmiyim,N/A,N/A,N/A,"Video: ArÃ§elik in love Serisi Ã‡amaÅŸÄ±r Makineleri, Channel: ArÃ§elik"
22,YouTube,@ezgitep7981,https://www.youtube.com/watch?v=E0aLC95S7zg,Vv Åu,N/A,N/A,N/A,"Video: ArÃ§elik in love Serisi Ã‡amaÅŸÄ±r Makineleri, Channel: ArÃ§elik"
23,YouTube,@kardelenklc2970,https://www.youtube.com/watch?v=E0aLC95S7zg,Oha 8 yÄ±l olmuÅŸ,N/A,N/A,N/A,"Video: ArÃ§elik in love Serisi Ã‡amaÅŸÄ±r Makineleri, Channel: ArÃ§elik"
24,YouTube,@Samsunglad1400,https://www.youtube.com/watch?v=E0aLC95S7zg,ArÃ§eliÄŸin en iyi modern makinesidir bana gÃ¶reğŸ˜ğŸ‘Œ,N/A,N/A,N/A,"Video: ArÃ§elik in love Serisi Ã‡amaÅŸÄ±r Makineleri, Channel: ArÃ§elik"
25,YouTube,@mehmetcemiltemur7776,https://www.youtube.com/watch?v=E0aLC95S7zg,Ben soÄŸutmacÄ± teknisyeni 73kayÄ±tli olarak her zaman taktÄ±r etmiÅŸimdir yerli Ã¼retim mÃ¼ÅŸteri memnuniyetini servis memnuniyeti tek diyor Ä‘Ã¼rÃ¼slÃ¼ÄŸÃ¼n devamÄ±nÄ± daha gÃ¼zel hizmet etmek dileÄŸiyle dÄ±ÅŸardan destek deÄŸil iceride Ã¼retim dileÄŸiyle,N/A,N/A,N/A,"Video: ArÃ§elik in love Serisi Ã‡amaÅŸÄ±r Makineleri, Channel: ArÃ§elik"
26,YouTube,@GALATASARAY_1905-ppp8,https://www.youtube.com/watch?v=E0aLC95S7zg,2019 60155 409,N/A,N/A,N/A,"Video: ArÃ§elik in love Serisi Ã‡amaÅŸÄ±r Makineleri, Channel: ArÃ§elik"
27,YouTube,@muratkaplan1294,https://www.youtube.com/watch?v=E0aLC95S7zg,Ã‡ok gÃ¼zel,N/A,N/A,N/A,"Video: ArÃ§elik in love Serisi Ã‡amaÅŸÄ±r Makineleri, Channel: ArÃ§elik"
28,YouTube,@ardaderya227,https://www.youtube.com/watch?v=E0aLC95S7zg,"<a href=""https://www.youtube.com/watch?v=E0aLC95S7zg&amp;t=15"">0:15</a> â¤ï¸",N/A,N/A,N/A,"Video: ArÃ§elik in love Serisi Ã‡amaÅŸÄ±r Makineleri, Channel: ArÃ§elik"
29,YouTube,@ahmetkagan6302,https://www.youtube.com/watch?v=E0aLC95S7zg,Arcelik bizim diÄŸer Ã¼lkelerin degil,N/A,N/A,N/A,"Video: ArÃ§elik in love Serisi Ã‡amaÅŸÄ±r Makineleri, Channel: ArÃ§elik"
30,YouTube,@christopherjohnson4934,https://www.youtube.com/watch?v=E0aLC95S7zg,"what do they say at <a href=""https://www.youtube.com/watch?v=E0aLC95S7zg&amp;t=39"">0:39</a>?",N/A,N/A,N/A,"Video: ArÃ§elik in love Serisi Ã‡amaÅŸÄ±r Makineleri, Channel: ArÃ§elik"
31,YouTube,@murat6391,https://www.youtube.com/watch?v=E0aLC95S7zg,11ÃœS,N/A,N/A,N/A,"Video: ArÃ§elik in love Serisi Ã‡amaÅŸÄ±r Makineleri, Channel: ArÃ§elik"
32,YouTube,@Oz-no9uc,https://www.youtube.com/watch?v=E0aLC95S7zg,MÃ¼ziÄŸi kim sÃ¶ylÃ¼yor Ã§ok merak ettim,N/A,N/A,N/A,"Video: ArÃ§elik in love Serisi Ã‡amaÅŸÄ±r Makineleri, Channel: ArÃ§elik"
33,YouTube,@arifgurbuz1910,https://www.youtube.com/watch?v=E0aLC95S7zg,Ã‡ok renkli,N/A,N/A,N/A,"Video: ArÃ§elik in love Serisi Ã‡amaÅŸÄ±r Makineleri, Channel: ArÃ§elik"
34,YouTube,@emrebagc2133,https://www.youtube.com/watch?v=E0aLC95S7zg,Ã‡akmak,N/A,N/A,N/A,"Video: ArÃ§elik in love Serisi Ã‡amaÅŸÄ±r Makineleri, Channel: ArÃ§elik"
35,YouTube,@elacelebi8322,https://www.youtube.com/watch?v=E0aLC95S7zg,ArÃ§elik in love Ã§amaÅŸÄ±r makinesi,N/A,N/A,N/A,"Video: ArÃ§elik in love Serisi Ã‡amaÅŸÄ±r Makineleri, Channel: ArÃ§elik"
36,YouTube,@zehragever2374,https://www.youtube.com/watch?v=E0aLC95S7zg,ArÃ§elik inlov serisi Ã§amaÅŸÄ±r makinesi,N/A,N/A,N/A,"Video: ArÃ§elik in love Serisi Ã‡amaÅŸÄ±r Makineleri, Channel: ArÃ§elik"
37,YouTube,@mustfagevet4246,https://www.youtube.com/watch?v=E0aLC95S7zg,Ben on yÄ±l  kulandim,N/A,N/A,N/A,"Video: ArÃ§elik in love Serisi Ã‡amaÅŸÄ±r Makineleri, Channel: ArÃ§elik"
38,YouTube,@murattopcu7388,https://www.youtube.com/watch?v=E0aLC95S7zg,Ä±,N/A,N/A,N/A,"Video: ArÃ§elik in love Serisi Ã‡amaÅŸÄ±r Makineleri, Channel: ArÃ§elik"
39,YouTube,@kidstvSalihTube,https://www.youtube.com/watch?v=E0aLC95S7zg,Ankara,N/A,N/A,N/A,"Video: ArÃ§elik in love Serisi Ã‡amaÅŸÄ±r Makineleri, Channel: ArÃ§elik"
1,YouTube,@Albatros-v3k,https://www.youtube.com/watch?v=45uvJbkHsJU,Bu adam yaÅŸ aldÄ±kÃ§a ne kadar Ã§irkinleÅŸti yahuğŸ˜®,N/A,N/A,N/A,"Video: ArÃ§elikâ€™le Gel Bir Kahve Ä°Ã§elim, Channel: ArÃ§elik"
2,YouTube,@Fosurever,https://www.youtube.com/watch?v=45uvJbkHsJU,âš½ï¸,N/A,N/A,N/A,"Video: ArÃ§elikâ€™le Gel Bir Kahve Ä°Ã§elim, Channel: ArÃ§elik"
3,YouTube,@semrabasar474,https://www.youtube.com/watch?v=45uvJbkHsJU,Bu adam varsa asla almamğŸ˜®,N/A,N/A,N/A,"Video: ArÃ§elikâ€™le Gel Bir Kahve Ä°Ã§elim, Channel: ArÃ§elik"
4,YouTube,@kraleren5999,https://www.youtube.com/watch?v=45uvJbkHsJU,"<a href=""https://www.youtube.com/shorts/sXWXCA5LQv8"">https://youtube.com/shorts/sXWXCA5LQv8?si=mk8Kjlfg7IzeUAZK</a>",N/A,N/A,N/A,"Video: ArÃ§elikâ€™le Gel Bir Kahve Ä°Ã§elim, Channel: ArÃ§elik"
5,YouTube,@yunusozdemir9684,https://www.youtube.com/watch?v=45uvJbkHsJU,14 Haziran 2024 tarihinde ArÃ§elik markasÄ±na ait internet sitesi Ã¼zerinden klima aldÄ±m. Ä°nternet satÄ±ÅŸÄ±nda Ã¼rÃ¼nÃ¼n 6 ile 10 gÃ¼n arasÄ±nda teslim olacaÄŸÄ± yazÄ±yordu. 33 gÃ¼n geÃ§mesine raÄŸmen ortada klima yok sanÄ±rÄ±m dolandÄ±rÄ±ldÄ±m. EklediÄŸim fotoÄŸraflarda gÃ¶rÃ¼leceÄŸi Ã¼zere 11 Temmuz 2024 tarihinde kurulum yapÄ±lacaktÄ± fakat Ã¼rÃ¼n olmadÄ±ÄŸÄ±ndan kurulum yapÄ±lamadÄ± ve Ã¼rÃ¼n hala gelmedi. MÃ¼ÅŸteri hizmetleri ile gÃ¶rÃ¼ÅŸtÃ¼ÄŸÃ¼mde insanÄ±n aklÄ± ile alay edercesine servis zamanÄ± 24 Temmuz 2024 e alÄ±nmÄ±ÅŸ deniyor bende servisle sizin ne iÅŸiniz var benim Ã¼rÃ¼nÃ¼ 10 gÃ¼n iÃ§inde yollayacaktÄ±nÄ±z Ã¼rÃ¼nÃ¼ yollayÄ±n ben belki Ã¼rÃ¼nÃ¼ Ã§Ã¶pe atarÄ±m size ne servisten dediÄŸimde ise Ã¼zgÃ¼nÃ¼z yardÄ±mcÄ± olacaÄŸÄ±z gibi saÃ§ma sapan cevaplar verilmektedir. 33 gÃ¼n olmasÄ±na raÄŸmen parasÄ±nÄ± Ã¶dediÄŸim Ã¼rÃ¼n hala elime ulaÅŸmamÄ±ÅŸ ayrÄ±ca saÃ§ma sapan cevaplar verilmektedir. Kesinlikle ArÃ§elik markasÄ±nÄ± almayÄ±n. Ä°nsanlarÄ±n parasÄ±nÄ± alÄ±p Ã¼rÃ¼n gÃ¶ndermemektedir. ParanÄ±z cebinizde kalsÄ±n kimsenin emeÄŸiniz ile Ã§alÄ±ÅŸtÄ±ÄŸÄ±nÄ±z parayÄ± alÄ±p da iÅŸletmesine izin vermeyin. Bu durumu bÃ¼tÃ¼n sosyal medya platformlarÄ±nda elimden geldiÄŸince paylaÅŸacaÄŸÄ±m. Ben kazÄ±k yedim siz yemeyin.,N/A,N/A,N/A,"Video: ArÃ§elikâ€™le Gel Bir Kahve Ä°Ã§elim, Channel: ArÃ§elik"
6,YouTube,@hastasiyizfutbol,https://www.youtube.com/watch?v=45uvJbkHsJU,Kapisinin Ã¶nÃ¼nden geÃ§mem servisleri mafya gibi,N/A,N/A,N/A,"Video: ArÃ§elikâ€™le Gel Bir Kahve Ä°Ã§elim, Channel: ArÃ§elik"
7,YouTube,@trmantrman7790,https://www.youtube.com/watch?v=45uvJbkHsJU,"ArÃ§elik mi Aman aman klimam kuruldu gecen yaz gaz sesi geliyor diye servis Ã§aÄŸÄ±rdÄ±m gelen servis gaz Ã¶lÃ§Ã¼mÃ¼ yapmadÄ± borular la oynadÄ± gitti ses gitmedi her gecen gÃ¼n performans dÃ¼ÅŸÃ¼tÃ¼ ve bu yaz Klimam Ã§alÄ±ÅŸmaz hale geldi Gelen servis kurulum hatasÄ± var gaz elimizde yok bayramdan sonra servis yÃ¶nlendirirler sakÄ±n Ã§alÄ±ÅŸtÄ±rmayÄ±n eksik gazla Ã§alÄ±ÅŸma Klima motoruna zarar verir dedi.Beyefendi be bunu bu ÅŸekilde sayenizde 1 yÄ±ldÄ±r kullanÄ±yorum alacaÄŸÄ± hasarÄ± zaten aldÄ± dedim.simdi garanti bitiminde motor bozulursa sorumlusu kim olacak deÄŸiÅŸme de red vermiÅŸler 20 gÃ¼ndÃ¼r klimasÄ±zim gaz basÄ±p gittiÄŸi yere kadar mantÄ±ÄŸÄ±nÄ± kabul etmiyorum gÃ¼nlerdir bununla uÄŸraÅŸÄ±yorum aman deyim sorun Ã§Ä±kÄ±nca Ã§Ã¶zen bi markayÄ± alin evinize dert almayÄ±n benim gibi yenisi 40 bin TL Ã¼zeri yazÄ±k mi deÄŸil ArÃ§elik Beko ben yaptÄ±m oldu diyor bu yaÅŸadÄ±klarÄ±mÄ±n Ã¶zeti ne Ã§ektim bir bilseniz.  <br>erdinc.o@<a href=""http://hotmail.com/"">hotmail.com</a>",N/A,N/A,N/A,"Video: ArÃ§elikâ€™le Gel Bir Kahve Ä°Ã§elim, Channel: ArÃ§elik"
8,YouTube,@Ã‡Ä±narKaravelio,https://www.youtube.com/watch?v=45uvJbkHsJU,Biz sizden Ã§ok eÅŸya alacaÄŸÄ±z  Sevgiler  arÃ§elik...â¤,N/A,N/A,N/A,"Video: ArÃ§elikâ€™le Gel Bir Kahve Ä°Ã§elim, Channel: ArÃ§elik"
9,YouTube,@serhatkaraha21111,https://www.youtube.com/watch?v=45uvJbkHsJU,kenan dogulunun reklama katilmasi harika olmus turkiyede 10milyar urun satarlar birakin artik bu salakca reklamlari halktan insanlar kullanin,N/A,N/A,N/A,"Video: ArÃ§elikâ€™le Gel Bir Kahve Ä°Ã§elim, Channel: ArÃ§elik"
10,YouTube,@sinemindeneyimleri,https://www.youtube.com/watch?v=45uvJbkHsJU,"DÃ¼n ilettiÄŸim mesajlardan sonra Ã§Ã¶zÃ¼m merkezi adÄ± altÄ±nda arayÄ±p arayÄ±p <br>1800 TL Ã¶deme 1800 TL Ã¶deme diye diye tacizde bulunmak ne demek nasÄ±l firmasÄ±nÄ±z siz...<br>DÃ¼nden bu saate kadar 4 kiÅŸi aradÄ± beni ve deÄŸil Ã§Ã¶zÃ¼m dalga gecer gÄ±bÄ± bÄ±r konusma..<br>Ä°nsanlarÄ± parasÄ±yla rezil edip birde kalp krizi mi geÃ§irmeye Ã§alÄ±ÅŸÄ±yorusunuz. <br>Sizin Ã¼retim hatalÄ± bozuk Ã§ay makineniz yÃ¼zÃ¼nden buzdolabÄ±m microdalga fÄ±rÄ±nÄ±m su iÃ§inde kaldÄ±.<br>herÅŸeyi geÃ§tim Ã§ocuÄŸum mutfaÄŸa girdiÄŸinde o gÃ¶l gibi yerlere akan sudan kaydÄ± dÃ¼ÅŸtÃ¼.<br>Size her tÃ¼rlÃ¼ maddi manevi yasal sÃ¼reci baÅŸlatacaÄŸÄ±m ve nefes aldÄ±ÄŸÄ±m sÃ¼rece sosyal medyada da yazmaya devam edeceÄŸim.<br>Ä°nsanlarÄ± bÃ¶yle maÄŸdur edemezsiniz...",N/A,N/A,N/A,"Video: ArÃ§elikâ€™le Gel Bir Kahve Ä°Ã§elim, Channel: ArÃ§elik"
11,YouTube,@Jamers_0fficial,https://www.youtube.com/watch?v=45uvJbkHsJU,HacÄ±nabi<br>AtatÃ¼rk bulvarÄ± <br>Bulvar caddesi <br>AtatÃ¼rk caddesi,N/A,N/A,N/A,"Video: ArÃ§elikâ€™le Gel Bir Kahve Ä°Ã§elim, Channel: ArÃ§elik"
12,YouTube,@Jamers_0fficial,https://www.youtube.com/watch?v=45uvJbkHsJU,Cumhuriyet <br>HÃ¼kÃ¼met caddesi <br>Cumhuriyet meydanÄ± <br>Cumhuriyet caddesi,N/A,N/A,N/A,"Video: ArÃ§elikâ€™le Gel Bir Kahve Ä°Ã§elim, Channel: ArÃ§elik"
13,YouTube,@halide1995,https://www.youtube.com/watch?v=45uvJbkHsJU,Reklamda beren de olsa efsane olurmussâ¤,N/A,N/A,N/A,"Video: ArÃ§elikâ€™le Gel Bir Kahve Ä°Ã§elim, Channel: ArÃ§elik"
14,YouTube,@Dimension82,https://www.youtube.com/watch?v=45uvJbkHsJU,"Videonun Thumbnail fotoÄŸrafÄ±nÄ± deÄŸiÅŸtirirseniz iyi olur. Korktum, Kenan mÄ± yoksa yeni &quot;INSIDIOUS&quot; filminden bi canavar mÄ± olduÄŸunu bilemedim",N/A,N/A,N/A,"Video: ArÃ§elikâ€™le Gel Bir Kahve Ä°Ã§elim, Channel: ArÃ§elik"
15,YouTube,@Busraymis2031,https://www.youtube.com/watch?v=45uvJbkHsJU,Bu  ÅŸarkiyi bayiliyorumâ¤â¤â¤â¤â¤ğŸ˜Š,N/A,N/A,N/A,"Video: ArÃ§elikâ€™le Gel Bir Kahve Ä°Ã§elim, Channel: ArÃ§elik"
16,YouTube,@selcukfbsu,https://www.youtube.com/watch?v=45uvJbkHsJU,Yine ArÃ§elik yine berbat bir reklam.,N/A,N/A,N/A,"Video: ArÃ§elikâ€™le Gel Bir Kahve Ä°Ã§elim, Channel: ArÃ§elik"
17,YouTube,@Mr.White369,https://www.youtube.com/watch?v=45uvJbkHsJU,"Kolay kolay vallahi beÄŸenmem ama bu mÃ¼zik olmuÅŸ yahu, Kenan farkÄ± ğŸ˜„ğŸ‘ŒğŸ¼",N/A,N/A,N/A,"Video: ArÃ§elikâ€™le Gel Bir Kahve Ä°Ã§elim, Channel: ArÃ§elik"
18,YouTube,@ugurbuyuklu,https://www.youtube.com/watch?v=45uvJbkHsJU,Su adam ne itici bi tip ya ses yok bisey yok,N/A,N/A,N/A,"Video: ArÃ§elikâ€™le Gel Bir Kahve Ä°Ã§elim, Channel: ArÃ§elik"
19,YouTube,@berilyesilyurt6589,https://www.youtube.com/watch?v=45uvJbkHsJU,Kenan â¤,N/A,N/A,N/A,"Video: ArÃ§elikâ€™le Gel Bir Kahve Ä°Ã§elim, Channel: ArÃ§elik"
20,YouTube,@Erdaerda338,https://www.youtube.com/watch?v=45uvJbkHsJU,Kahve makinasini ayrintili nasil goruntulerim,N/A,N/A,N/A,"Video: ArÃ§elikâ€™le Gel Bir Kahve Ä°Ã§elim, Channel: ArÃ§elik"
21,YouTube,@vanyeltylendel3222,https://www.youtube.com/watch?v=45uvJbkHsJU,Plastik cerrah dava edilirse belki mevcut durum deÄŸiÅŸmeyecek ama gÃ¶rÃ¼ntÃ¼sÃ¼ kurtarÄ±labilecek masumlarÄ± bir dÃ¼ÅŸÃ¼nÃ¼n...,N/A,N/A,N/A,"Video: ArÃ§elikâ€™le Gel Bir Kahve Ä°Ã§elim, Channel: ArÃ§elik"
22,YouTube,@begumdedeagac,https://www.youtube.com/watch?v=45uvJbkHsJU,Kenan&#39;Ä±n Kahve MolasÄ±...,N/A,N/A,N/A,"Video: ArÃ§elikâ€™le Gel Bir Kahve Ä°Ã§elim, Channel: ArÃ§elik"
23,YouTube,@zeynepgok1741,https://www.youtube.com/watch?v=45uvJbkHsJU,ArkadaÅŸlar kendim aldÄ±m makinayÄ± 5 aydÄ±r kullanÄ±yorum hiÃ§ memnun deÄŸilim <br>SÃ¼t potu soÄŸuk yapÄ±yor diye servise gÃ¶nderildi deÄŸiÅŸtirildi geldi bu kezde kÃ¶pÃ¼rtmÃ¼yor <br>Zaten sÃ¼tsÃ¼z kahvelerde de Ã§ok bi lezzet yok <br>GÃ¶rdÃ¼ÄŸÃ¼m herkese sÃ¶ylÃ¼yorum aldÄ±ÄŸÄ±ma piÅŸman oldum,N/A,N/A,N/A,"Video: ArÃ§elikâ€™le Gel Bir Kahve Ä°Ã§elim, Channel: ArÃ§elik"
24,YouTube,@ulkerisik5658,https://www.youtube.com/watch?v=45uvJbkHsJU,"ArÃ§elik mi aman aman,bir ankastre set aldÄ±m almaz olaydÄ±m, fÄ±rÄ±n sÄ±fÄ±r gelen servis hizmeti sÄ±fÄ±r dahi etmiyor ne geri alÄ±yorlar nede iyi bir onarÄ±m yapÄ±p fÄ±rÄ±nÄ±n Ã§alÄ±ÅŸmasÄ±nÄ± saÄŸlÄ±yorlar ,bir iki gÃ¼ne kadar yine servis bekliyorum buda sonuÃ§ vermezse artÄ±k tÃ¼ketici haklarÄ±ndan baÅŸlayacaÄŸÄ±z nereye gidebilirsem gideceÄŸim",N/A,N/A,N/A,"Video: ArÃ§elikâ€™le Gel Bir Kahve Ä°Ã§elim, Channel: ArÃ§elik"
25,YouTube,@Blackpinkci8,https://www.youtube.com/watch?v=45uvJbkHsJU,BaÅŸlÄ±k dakÄ± tip ne lan millet korkacak dÃ¼zeltin lÃ¼tfen... gÃ¶zleri garip duruyor,N/A,N/A,N/A,"Video: ArÃ§elikâ€™le Gel Bir Kahve Ä°Ã§elim, Channel: ArÃ§elik"
26,YouTube,@mustafagafure5931,https://www.youtube.com/watch?v=45uvJbkHsJU,Vestel tekler,N/A,N/A,N/A,"Video: ArÃ§elikâ€™le Gel Bir Kahve Ä°Ã§elim, Channel: ArÃ§elik"
27,YouTube,@ledster9937,https://www.youtube.com/watch?v=45uvJbkHsJU,ArÃ§elik gururumuz,N/A,N/A,N/A,"Video: ArÃ§elikâ€™le Gel Bir Kahve Ä°Ã§elim, Channel: ArÃ§elik"
28,YouTube,@Kalemzehr,https://www.youtube.com/watch?v=45uvJbkHsJU,Bidaha lÃ¼tfen reklamlarda kullandÄ±ÄŸÄ±nÄ±z yÃ¼zlere dikkat edin.. Ã§ekici olmaniz gerekirken  itici kenan nerden aklÄ±nÄ±za geldiğŸ¤¯ğŸ˜·bida olmaz umarÄ±m,N/A,N/A,N/A,"Video: ArÃ§elikâ€™le Gel Bir Kahve Ä°Ã§elim, Channel: ArÃ§elik"
29,YouTube,@alitilki5246,https://www.youtube.com/watch?v=45uvJbkHsJU,Bundan kapÄ±dan iÃ§eri giremez arÃ§elik Ã¼rÃ¼nÃ¼,N/A,N/A,N/A,"Video: ArÃ§elikâ€™le Gel Bir Kahve Ä°Ã§elim, Channel: ArÃ§elik"
30,YouTube,@asiyeeren5333,https://www.youtube.com/watch?v=45uvJbkHsJU,En iyi reklam 2,N/A,N/A,N/A,"Video: ArÃ§elikâ€™le Gel Bir Kahve Ä°Ã§elim, Channel: ArÃ§elik"
31,YouTube,@professorxiy,https://www.youtube.com/watch?v=45uvJbkHsJU,halkÄ± hiÃ§e sayan ÅŸÄ±marÄ±k bi reklam olmuÅŸ Ã§oÄŸunluÄŸun bÃ¶le bir hayatÄ± var mÄ±?,N/A,N/A,N/A,"Video: ArÃ§elikâ€™le Gel Bir Kahve Ä°Ã§elim, Channel: ArÃ§elik"
32,YouTube,@helikopter86,https://www.youtube.com/watch?v=45uvJbkHsJU,ArÃ§elik paran mÄ± yok seni kullanan tÃ¼ketici profilini cancik mi sandÄ±n bir an yoksa akraba filan diye parasÄ±z kalana bi el mi attÄ±n da bu tipi koydun Ã¶nÃ¼mÃ¼ze?,N/A,N/A,N/A,"Video: ArÃ§elikâ€™le Gel Bir Kahve Ä°Ã§elim, Channel: ArÃ§elik"
33,YouTube,@Enestukenmez4564,https://www.youtube.com/watch?v=45uvJbkHsJU,abi ÅŸarkÄ±yÄ± sÃ¶yleyen adam kim,N/A,N/A,N/A,"Video: ArÃ§elikâ€™le Gel Bir Kahve Ä°Ã§elim, Channel: ArÃ§elik"
34,YouTube,@Cheshack,https://www.youtube.com/watch?v=45uvJbkHsJU,ARÃ‡LEÄ°K Ã‡ELÄ°ÄÄ° GERÄ° Ä°STÄ°YORUZ,N/A,N/A,N/A,"Video: ArÃ§elikâ€™le Gel Bir Kahve Ä°Ã§elim, Channel: ArÃ§elik"
35,YouTube,@haticealkan2017,https://www.youtube.com/watch?v=45uvJbkHsJU,Ã‡ok gÃ¼zel olmuÅŸ emeÄŸine yÃ¼reÄŸine saÄŸlÄ±k kenan dogulu,N/A,N/A,N/A,"Video: ArÃ§elikâ€™le Gel Bir Kahve Ä°Ã§elim, Channel: ArÃ§elik"
36,YouTube,@akcasnnannesi5017,https://www.youtube.com/watch?v=45uvJbkHsJU,ÅarkÄ± gÃ¼zel olmuÅŸ,N/A,N/A,N/A,"Video: ArÃ§elikâ€™le Gel Bir Kahve Ä°Ã§elim, Channel: ArÃ§elik"
37,YouTube,@pnarozdemir1491,https://www.youtube.com/watch?v=45uvJbkHsJU,GÃ¶zler bi yerden Beren cikacak diye bekledi,N/A,N/A,N/A,"Video: ArÃ§elikâ€™le Gel Bir Kahve Ä°Ã§elim, Channel: ArÃ§elik"
38,YouTube,@Nevayn0868,https://www.youtube.com/watch?v=45uvJbkHsJU,AlacaÄŸÄ±m varsa da bu bomboÅŸ elemanÄ±n  yaptÄ±ÄŸÄ± reklamdan dolayÄ± olmaz,N/A,N/A,N/A,"Video: ArÃ§elikâ€™le Gel Bir Kahve Ä°Ã§elim, Channel: ArÃ§elik"
39,YouTube,@arifbasturk-jz6gk,https://www.youtube.com/watch?v=45uvJbkHsJU,SON DEREC Ä°TÄ°CÄ° BÄ°R REKLAM.,N/A,N/A,N/A,"Video: ArÃ§elikâ€™le Gel Bir Kahve Ä°Ã§elim, Channel: ArÃ§elik"
40,YouTube,@AÄ°ÅESÃœMEYYEAYDIN,https://www.youtube.com/watch?v=45uvJbkHsJU,Estetik,N/A,N/A,N/A,"Video: ArÃ§elikâ€™le Gel Bir Kahve Ä°Ã§elim, Channel: ArÃ§elik"
41,YouTube,@tenaltsounblade5808,https://www.youtube.com/watch?v=45uvJbkHsJU,allien 9,N/A,N/A,N/A,"Video: ArÃ§elikâ€™le Gel Bir Kahve Ä°Ã§elim, Channel: ArÃ§elik"
42,YouTube,@Osmanli-Efendisi_2713,https://www.youtube.com/watch?v=45uvJbkHsJU,HemÅŸerim Kenan DoÄŸulu deÄŸil mi bu<br>Merak etmeyin emektar arÃ§elik kahve makinesi duruyor. ğŸ˜‚,N/A,N/A,N/A,"Video: ArÃ§elikâ€™le Gel Bir Kahve Ä°Ã§elim, Channel: ArÃ§elik"
43,YouTube,@babapiro_3431,https://www.youtube.com/watch?v=45uvJbkHsJU,Robotlar geri gelsin,N/A,N/A,N/A,"Video: ArÃ§elikâ€™le Gel Bir Kahve Ä°Ã§elim, Channel: ArÃ§elik"
44,YouTube,@MedineMelike-ng9zt,https://www.youtube.com/watch?v=45uvJbkHsJU,MÃ¼zik Ã§ok iyi â˜•,N/A,N/A,N/A,"Video: ArÃ§elikâ€™le Gel Bir Kahve Ä°Ã§elim, Channel: ArÃ§elik"
45,YouTube,@YÄ°RMÄ°Q,https://www.youtube.com/watch?v=45uvJbkHsJU,ArÃ§elikkk,N/A,N/A,N/A,"Video: ArÃ§elikâ€™le Gel Bir Kahve Ä°Ã§elim, Channel: ArÃ§elik"
46,YouTube,@nezahatcanturk7581,https://www.youtube.com/watch?v=45uvJbkHsJU,SÃ¶yleyen sanatÃ§Ä±nÄ±n ismini hatÄ±rlayamadÄ±m,N/A,N/A,N/A,"Video: ArÃ§elikâ€™le Gel Bir Kahve Ä°Ã§elim, Channel: ArÃ§elik"
47,YouTube,@muratozturk297,https://www.youtube.com/watch?v=45uvJbkHsJU,â˜•ï¸â˜•ï¸ğŸ¤ŒğŸ»,N/A,N/A,N/A,"Video: ArÃ§elikâ€™le Gel Bir Kahve Ä°Ã§elim, Channel: ArÃ§elik"
48,YouTube,@tanilakal,https://www.youtube.com/watch?v=45uvJbkHsJU,â˜•ï¸â™¥ï¸,N/A,N/A,N/A,"Video: ArÃ§elikâ€™le Gel Bir Kahve Ä°Ã§elim, Channel: ArÃ§elik"
49,YouTube,@bulentkarabag5967,https://www.youtube.com/watch?v=45uvJbkHsJU,"ArÃ§elik , tek geÃ§erimâ€¦",N/A,N/A,N/A,"Video: ArÃ§elikâ€™le Gel Bir Kahve Ä°Ã§elim, Channel: ArÃ§elik"
50,YouTube,@verakarahan1726,https://www.youtube.com/watch?v=45uvJbkHsJU,ğŸ¤â˜•ï¸â¤ï¸,N/A,N/A,N/A,"Video: ArÃ§elikâ€™le Gel Bir Kahve Ä°Ã§elim, Channel: ArÃ§elik"
51,YouTube,@eceb.6058,https://www.youtube.com/watch?v=45uvJbkHsJU,Harika â˜•â˜•â˜•â˜•â˜•,N/A,N/A,N/A,"Video: ArÃ§elikâ€™le Gel Bir Kahve Ä°Ã§elim, Channel: ArÃ§elik"
52,YouTube,@abe1050,https://www.youtube.com/watch?v=45uvJbkHsJU,â¤ï¸ğŸ‡¹ğŸ‡·ğŸ«¡,N/A,N/A,N/A,"Video: ArÃ§elikâ€™le Gel Bir Kahve Ä°Ã§elim, Channel: ArÃ§elik"
1,YouTube,@rmaksmeet9449,https://www.youtube.com/watch?v=yg22C3Hk8MM,Ã¼rÃ¼n ondefa kulandÄ±kdan sonra sÃ¼t vermiyor Ã¼rÃ¼nÃ¼ tafsiÄŸe etmem alanlar iÄŸi dÃ¼ÅŸÃ¼nsÃ¼n,N/A,N/A,N/A,"Video: ArÃ§elik EM 3353 YarÄ± Otomatik Espresso Makinesi ile MÃ¼kemmel Kahve AnlarÄ±nÄ±n TadÄ±nÄ± Ã‡Ä±karÄ±n!, Channel: ArÃ§elik"
2,YouTube,@masalcack9172,https://www.youtube.com/watch?v=yg22C3Hk8MM,"baÅŸlaycam iletiÅŸim merkezinize adam gibi cevap yazÄ±nda Ã¶ÄŸrenelim biz de,",N/A,N/A,N/A,"Video: ArÃ§elik EM 3353 YarÄ± Otomatik Espresso Makinesi ile MÃ¼kemmel Kahve AnlarÄ±nÄ±n TadÄ±nÄ± Ã‡Ä±karÄ±n!, Channel: ArÃ§elik"
3,YouTube,@gkaytuna,https://www.youtube.com/watch?v=yg22C3Hk8MM,SoÄŸuk kahve yapÄ±yor mu,N/A,N/A,N/A,"Video: ArÃ§elik EM 3353 YarÄ± Otomatik Espresso Makinesi ile MÃ¼kemmel Kahve AnlarÄ±nÄ±n TadÄ±nÄ± Ã‡Ä±karÄ±n!, Channel: ArÃ§elik"
4,YouTube,@EmreEfe1175,https://www.youtube.com/watch?v=yg22C3Hk8MM,Ya abicim sattÄ±ÄŸÄ±nÄ±z mal hakkÄ±nda hiÃ§ mi buraya yorum yazan personelin bilgisi yok? Mail atÄ±n oraya sorun nedir ya sormuÅŸuz iÅŸte buraya gÃ¶rdÃ¼n yanÄ±tlasana. Sen soruyu yetkilisine yÃ¶nlendirip cevabÄ± alÄ±p bana ileteceksin.,N/A,N/A,N/A,"Video: ArÃ§elik EM 3353 YarÄ± Otomatik Espresso Makinesi ile MÃ¼kemmel Kahve AnlarÄ±nÄ±n TadÄ±nÄ± Ã‡Ä±karÄ±n!, Channel: ArÃ§elik"
5,YouTube,@mavibeyaz4093,https://www.youtube.com/watch?v=yg22C3Hk8MM,Merhaba yÄ±ldÄ±z olan kÄ±sÄ±m sÃ¼rekli kÄ±rmÄ±zÄ± Ä±ÅŸÄ±k yanarsa ne demek oluyor,N/A,N/A,N/A,"Video: ArÃ§elik EM 3353 YarÄ± Otomatik Espresso Makinesi ile MÃ¼kemmel Kahve AnlarÄ±nÄ±n TadÄ±nÄ± Ã‡Ä±karÄ±n!, Channel: ArÃ§elik"
6,YouTube,@damladurukan3835,https://www.youtube.com/watch?v=yg22C3Hk8MM,merhaba bu makineden almak istiyordum hangi Ã§eÅŸit kahve kullanÄ±lmasÄ± gerekiyor acaba,N/A,N/A,N/A,"Video: ArÃ§elik EM 3353 YarÄ± Otomatik Espresso Makinesi ile MÃ¼kemmel Kahve AnlarÄ±nÄ±n TadÄ±nÄ± Ã‡Ä±karÄ±n!, Channel: ArÃ§elik"
7,YouTube,@skyyeonw,https://www.youtube.com/watch?v=yg22C3Hk8MM,Merhaba sÃ¼t vermiyor bazen latte yaparken,N/A,N/A,N/A,"Video: ArÃ§elik EM 3353 YarÄ± Otomatik Espresso Makinesi ile MÃ¼kemmel Kahve AnlarÄ±nÄ±n TadÄ±nÄ± Ã‡Ä±karÄ±n!, Channel: ArÃ§elik"
8,YouTube,@ZeynepIssÄ±,https://www.youtube.com/watch?v=yg22C3Hk8MM,Ã–ÄŸÃ¼tÃ¼lmÃ¼ÅŸ filtre kahve kullanÄ±lÄ±r mÄ± ?,N/A,N/A,N/A,"Video: ArÃ§elik EM 3353 YarÄ± Otomatik Espresso Makinesi ile MÃ¼kemmel Kahve AnlarÄ±nÄ±n TadÄ±nÄ± Ã‡Ä±karÄ±n!, Channel: ArÃ§elik"
9,YouTube,@fatmanuroren8198,https://www.youtube.com/watch?v=yg22C3Hk8MM,TemizliÄŸi nasÄ±l oluyor ne sÄ±klÄ±kla temizlenmesini Ã¶nerirsiniz beÄŸendim Ã¼rÃ¼nÃ¼nÃ¼zÃ¼,N/A,N/A,N/A,"Video: ArÃ§elik EM 3353 YarÄ± Otomatik Espresso Makinesi ile MÃ¼kemmel Kahve AnlarÄ±nÄ±n TadÄ±nÄ± Ã‡Ä±karÄ±n!, Channel: ArÃ§elik"
10,YouTube,@dogancalskan1884,https://www.youtube.com/watch?v=yg22C3Hk8MM,Kahve tÃ¼rk kahvesimi  koyuluyo tam anlamadim,N/A,N/A,N/A,"Video: ArÃ§elik EM 3353 YarÄ± Otomatik Espresso Makinesi ile MÃ¼kemmel Kahve AnlarÄ±nÄ±n TadÄ±nÄ± Ã‡Ä±karÄ±n!, Channel: ArÃ§elik"
11,YouTube,@iremdurmaz4260,https://www.youtube.com/watch?v=yg22C3Hk8MM,Merhaba bardaÄŸÄ± tam doldurmak iÃ§in istenilen kahvenin Ã¼stÃ¼ne basÄ±lÄ± tutunca tam dolum yapÄ±yor mu,N/A,N/A,N/A,"Video: ArÃ§elik EM 3353 YarÄ± Otomatik Espresso Makinesi ile MÃ¼kemmel Kahve AnlarÄ±nÄ±n TadÄ±nÄ± Ã‡Ä±karÄ±n!, Channel: ArÃ§elik"
1,YouTube,@AylaARIN,https://www.youtube.com/watch?v=cGJoTu-XWUI,7590 in yorumlarÄ±nÄ±n hepsi 4 yÄ±ldÄ±z bunun ise 5 yÄ±ldÄ±z,N/A,N/A,N/A,"Video: ArÃ§elik Ä°mperiumÂ®  Toz TorbasÄ±z SÃ¼pÃ¼rge - S7585, Channel: ArÃ§elik"
2,YouTube,@mervetan6872g,https://www.youtube.com/watch?v=cGJoTu-XWUI,ArÃ§elik,N/A,N/A,N/A,"Video: ArÃ§elik Ä°mperiumÂ®  Toz TorbasÄ±z SÃ¼pÃ¼rge - S7585, Channel: ArÃ§elik"
3,YouTube,@ToyboxTurkiyeOfficial,https://www.youtube.com/watch?v=cGJoTu-XWUI,ArkadaÅŸlar ArÃ§elik Mi Daha Ä°yi Yoksa Beko Mu Acil Bu Bilgiye Ä°htiyacÄ±m Var LÃ¼tfen Rica Etsem Bilen Bir KardeÅŸimiz Bana SÃ¶yleyebilir Mi,N/A,N/A,N/A,"Video: ArÃ§elik Ä°mperiumÂ®  Toz TorbasÄ±z SÃ¼pÃ¼rge - S7585, Channel: ArÃ§elik"
4,YouTube,@yavuzozkaya8642,https://www.youtube.com/watch?v=cGJoTu-XWUI,HsÄ±dÄ±skapÅŸlshsğŸ˜â¤ï¸ğŸ˜‚ğŸ˜‚ğŸ˜‚ğŸ˜‚ğŸ˜‚ğŸ˜‚ğŸ˜‚ğŸ˜‚ğŸ˜‚ğŸ˜‚ğŸ˜‚ğŸ˜‚,N/A,N/A,N/A,"Video: ArÃ§elik Ä°mperiumÂ®  Toz TorbasÄ±z SÃ¼pÃ¼rge - S7585, Channel: ArÃ§elik"
5,YouTube,@nurtencay5644,https://www.youtube.com/watch?v=cGJoTu-XWUI,KaÃ§ vat acaba bu sÃ¼pÃ¼rge,N/A,N/A,N/A,"Video: ArÃ§elik Ä°mperiumÂ®  Toz TorbasÄ±z SÃ¼pÃ¼rge - S7585, Channel: ArÃ§elik"
6,YouTube,@ugurcancan8981,https://www.youtube.com/watch?v=cGJoTu-XWUI,arceIiksupurge,N/A,N/A,N/A,"Video: ArÃ§elik Ä°mperiumÂ®  Toz TorbasÄ±z SÃ¼pÃ¼rge - S7585, Channel: ArÃ§elik"
7,YouTube,@aysegugungormus6134,https://www.youtube.com/watch?v=cGJoTu-XWUI,00000,N/A,N/A,N/A,"Video: ArÃ§elik Ä°mperiumÂ®  Toz TorbasÄ±z SÃ¼pÃ¼rge - S7585, Channel: ArÃ§elik"
8,YouTube,@aysegugungormus6134,https://www.youtube.com/watch?v=cGJoTu-XWUI,ğŸ‘ğŸ˜ğŸ˜œğŸ˜œğŸ’•ğŸ¥°ğŸ¥°ğŸ’•ğŸ˜œğŸ˜ğŸ‘,N/A,N/A,N/A,"Video: ArÃ§elik Ä°mperiumÂ®  Toz TorbasÄ±z SÃ¼pÃ¼rge - S7585, Channel: ArÃ§elik"
9,YouTube,@aysegugungormus6134,https://www.youtube.com/watch?v=cGJoTu-XWUI,JgjghjkkkjhÄ±,N/A,N/A,N/A,"Video: ArÃ§elik Ä°mperiumÂ®  Toz TorbasÄ±z SÃ¼pÃ¼rge - S7585, Channel: ArÃ§elik"
10,YouTube,@sedavural6345,https://www.youtube.com/watch?v=cGJoTu-XWUI,ÃœÃ¼<br>11,N/A,N/A,N/A,"Video: ArÃ§elik Ä°mperiumÂ®  Toz TorbasÄ±z SÃ¼pÃ¼rge - S7585, Channel: ArÃ§elik"
11,YouTube,@ferdakaya9552,https://www.youtube.com/watch?v=cGJoTu-XWUI,Hn,N/A,N/A,N/A,"Video: ArÃ§elik Ä°mperiumÂ®  Toz TorbasÄ±z SÃ¼pÃ¼rge - S7585, Channel: ArÃ§elik"
12,YouTube,@burhankina1086,https://www.youtube.com/watch?v=cGJoTu-XWUI,Yusuf,N/A,N/A,N/A,"Video: ArÃ§elik Ä°mperiumÂ®  Toz TorbasÄ±z SÃ¼pÃ¼rge - S7585, Channel: ArÃ§elik"
13,YouTube,@megoyuncu4972,https://www.youtube.com/watch?v=cGJoTu-XWUI,X,N/A,N/A,N/A,"Video: ArÃ§elik Ä°mperiumÂ®  Toz TorbasÄ±z SÃ¼pÃ¼rge - S7585, Channel: ArÃ§elik"
14,YouTube,@mesutklcaslan581,https://www.youtube.com/watch?v=cGJoTu-XWUI,"ğŸ˜¡ğŸ˜¡ArÃ§elikten bir Ã¼tÃ¼ aldÄ±m Ã¼tÃ¼lemiyodu iade ettim dedimki tamam Ã¼tÃ¼ yapmayÄ± beceremiyolardÄ±r. Daha sonra set Ã¼stÃ¼ ocak aldÄ±m defolu geldi dedimki deÄŸiÅŸtirelim bana 1600 tl daha ucuz olan bir ocak verdiler tamam ama o 1600 tl farkÄ± iade etmemek iÃ§in ellerinden geleni yaptÄ±lar ve vermediler Ã§ingene gibi davrandÄ±lar ve ocaktanda memnun deÄŸilim iademide kabul etmediler<br>ArÃ§elikten kesinlikle birÅŸey almayÄ±n boÅŸu boÅŸuna sinir stres sahibi olursunuz. Muhattab bulamÄ±yorsunuz bulduÄŸunuzda sizi Ã¶yle bir zorluyoki katil olursunuz. Kesinlikle hiÃ§birÅŸey almayÄ±n, anlayÄ±ÅŸ yok kalite yok, dolandÄ±rÄ±cÄ±lÄ±k bir sistem var. Haram zÄ±kkÄ±m olsun",N/A,N/A,N/A,"Video: ArÃ§elik Ä°mperiumÂ®  Toz TorbasÄ±z SÃ¼pÃ¼rge - S7585, Channel: ArÃ§elik"
15,YouTube,@yusufozdilen7466,https://www.youtube.com/watch?v=cGJoTu-XWUI,U i oyl,N/A,N/A,N/A,"Video: ArÃ§elik Ä°mperiumÂ®  Toz TorbasÄ±z SÃ¼pÃ¼rge - S7585, Channel: ArÃ§elik"
16,YouTube,@ruzgarguzel1202,https://www.youtube.com/watch?v=cGJoTu-XWUI,ArÃ§eligin en iyi sÃ¼pÃ¼rge serisi imperium<br>Ä°mperium<br>Ä°mperium 4A<br>Ä°mperium Silent Pro,N/A,N/A,N/A,"Video: ArÃ§elik Ä°mperiumÂ®  Toz TorbasÄ±z SÃ¼pÃ¼rge - S7585, Channel: ArÃ§elik"
17,YouTube,@ozlemayyldz3625,https://www.youtube.com/watch?v=cGJoTu-XWUI,Ã‡ok gÃ¼zel,N/A,N/A,N/A,"Video: ArÃ§elik Ä°mperiumÂ®  Toz TorbasÄ±z SÃ¼pÃ¼rge - S7585, Channel: ArÃ§elik"
18,YouTube,@Subxture,https://www.youtube.com/watch?v=cGJoTu-XWUI,Kesinlikle almayÄ±n. ÃœrÃ¼n baÅŸlÄ±ÄŸÄ±nda tasarÄ±m hatasÄ± var. Kenarlardan <br>ortaya doÄŸru geniÅŸleyerek geliyor. Bu yÃ¼zden tozla beraber halÄ±yÄ±da <br>iÃ§ine Ã§ekiyor ve bÄ±rakmÄ±yor. Kolunuzu sakatlayabilirsiniz. ArÃ§elike <br>gÃ¼venip aldÄ±k piÅŸman olduk. Youtube da baÅŸkalarÄ± da aynÄ± nedenden <br>ÅŸikayetllerini belirtmiÅŸler. Anneme hediye diye aldÄ±m rezil ettiniz. Bir<br> daha sizden Ã¼rÃ¼n alÄ±rsam .....,N/A,N/A,N/A,"Video: ArÃ§elik Ä°mperiumÂ®  Toz TorbasÄ±z SÃ¼pÃ¼rge - S7585, Channel: ArÃ§elik"
19,YouTube,@kubragokduvan6939,https://www.youtube.com/watch?v=cGJoTu-XWUI,00,N/A,N/A,N/A,"Video: ArÃ§elik Ä°mperiumÂ®  Toz TorbasÄ±z SÃ¼pÃ¼rge - S7585, Channel: ArÃ§elik"
20,YouTube,@user-hw7om7fl3x,https://www.youtube.com/watch?v=cGJoTu-XWUI,Rsknsnddnsnmdmdn,N/A,N/A,N/A,"Video: ArÃ§elik Ä°mperiumÂ®  Toz TorbasÄ±z SÃ¼pÃ¼rge - S7585, Channel: ArÃ§elik"
21,YouTube,@boradenizdemir8394,https://www.youtube.com/watch?v=cGJoTu-XWUI,Dostlar ArÃ§elik. Ã–nemli,N/A,N/A,N/A,"Video: ArÃ§elik Ä°mperiumÂ®  Toz TorbasÄ±z SÃ¼pÃ¼rge - S7585, Channel: ArÃ§elik"
22,YouTube,@tulayyuce3577,https://www.youtube.com/watch?v=cGJoTu-XWUI,ArÃ§elik ten aldÄ±ÄŸÄ±m Ã§amaÅŸÄ±r makinamdanda sÃ¼pÃ¼rge dende hiÃ§ memnun kalmadÄ±m ArÃ§elik Ã§ok bozuldu yÄ±llardÄ±r kullandÄ±ÄŸÄ±m markaydÄ± ama bir daha asla almam,N/A,N/A,N/A,"Video: ArÃ§elik Ä°mperiumÂ®  Toz TorbasÄ±z SÃ¼pÃ¼rge - S7585, Channel: ArÃ§elik"
23,YouTube,@ebruaytenannac9392,https://www.youtube.com/watch?v=cGJoTu-XWUI,4rt,N/A,N/A,N/A,"Video: ArÃ§elik Ä°mperiumÂ®  Toz TorbasÄ±z SÃ¼pÃ¼rge - S7585, Channel: ArÃ§elik"
24,YouTube,@onuralposkardesler668,https://www.youtube.com/watch?v=cGJoTu-XWUI,S 7590 daha gÃ¼Ã§lÃ¼,N/A,N/A,N/A,"Video: ArÃ§elik Ä°mperiumÂ®  Toz TorbasÄ±z SÃ¼pÃ¼rge - S7585, Channel: ArÃ§elik"
25,YouTube,@emrhyldrm34,https://www.youtube.com/watch?v=cGJoTu-XWUI,S 7590 ile arasÄ±ndaki farklar nelerdir ?,N/A,N/A,N/A,"Video: ArÃ§elik Ä°mperiumÂ®  Toz TorbasÄ±z SÃ¼pÃ¼rge - S7585, Channel: ArÃ§elik"
26,YouTube,@gamzekaratas9831,https://www.youtube.com/watch?v=cGJoTu-XWUI,*,N/A,N/A,N/A,"Video: ArÃ§elik Ä°mperiumÂ®  Toz TorbasÄ±z SÃ¼pÃ¼rge - S7585, Channel: ArÃ§elik"
1,YouTube,@bengokhankoc4431,https://www.youtube.com/watch?v=mp-vzDQR0E0,Merhaba herÅŸey Ã§ok gÃ¼zel aldÄ±m evim de mevcut fakat bÃ¶yle gÃ¼zel Ã¼rÃ¼n ile hiÃ§ bir tane tarif videosu yok ya da bir tarif kitapÃ§Ä±ÄŸÄ± yok Ã¼rÃ¼nÃ¼n iÃ§erisinde bence bu bir eksik . Konuyla ilgili yardÄ±mcÄ± olunursa Ã§ok sevinirim .,N/A,N/A,N/A,"Video: ArÃ§elik Gurme SteamFryÂ® FritÃ¶z - FR 9374, Channel: ArÃ§elik"
2,YouTube,@suphicicek5784,https://www.youtube.com/watch?v=mp-vzDQR0E0,"@arcelik sÄ±fÄ±r klima aldim Ã§ok piÅŸman oldum klima aÃ§Ä±kken sogutmuyor evde terliyorum Bir aydÄ±r @ArcelikDestek musteri Hizmetleri Ã§Ã¶zÃ¼m bulmyor gÃ¶nderdikleri teknik servis kaba konuÅŸarak beni tersledi ve hicbirsey yapmadi, Ã¼rÃ¼nÃ¼ ne onarÄ±m yapiyorlar ne deÄŸiÅŸtiriyorlar @Arcelik_TR",N/A,N/A,N/A,"Video: ArÃ§elik Gurme SteamFryÂ® FritÃ¶z - FR 9374, Channel: ArÃ§elik"
3,YouTube,@suguzelkizim3204,https://www.youtube.com/watch?v=mp-vzDQR0E0,ArÃ§elik derim â¤â¤.asla vazgeÃ§mem...,N/A,N/A,N/A,"Video: ArÃ§elik Gurme SteamFryÂ® FritÃ¶z - FR 9374, Channel: ArÃ§elik"
4,YouTube,@suguzelkizim3204,https://www.youtube.com/watch?v=mp-vzDQR0E0,Mutlaka almalÄ±yim.gurme ÅŸeften sonra.buda bende olmalÄ±...Arcelik bir dÃ¼nya markasÄ±...,N/A,N/A,N/A,"Video: ArÃ§elik Gurme SteamFryÂ® FritÃ¶z - FR 9374, Channel: ArÃ§elik"
5,YouTube,@dnzdnz5727,https://www.youtube.com/watch?v=mp-vzDQR0E0,ArÃ§elik markasÄ±na gÃ¼venipte benim gibi sakÄ±n yanÄ±lÄ±p biÅŸey almayon burdan..Ã§Ã¼nkÃ¼ eskisi gibi kaliteli Ã¼rÃ¼n asla Ã¼retmiyolar ben klima aldÄ±m doÄŸru dÃ¼zgÃ¼n kullanamadÄ±m biÅŸeyini yapÄ±yolar baÅŸka birÅŸeyi bozuluyor servisleri rezalet haftalar sonraya gÃ¼n veriyolar ve size kÃ¶pek muamelesi yapÄ±yolar Ã¶zelikle cemil meriÃ§ servisinde ilayda isimli bir kiÅŸi var o kadar kaba ve mÃ¼ÅŸteriye zÄ±t gidiyorki sizi arÃ§elikten Ã¼rÃ¼r aldÄ±ÄŸÄ±nÄ±za dahada piÅŸman ediyor..SakÄ±n hiÃ§birÅŸey almayÄ±n ben klima aldÄ±m bi dÃ¼nya para verdim o kadar piÅŸmanÄ±m ki ..tÃ¼ketici hakem heyeti cimer hatta gerekirse dava bile aÃ§Ä±cam o klimayÄ± iade ettireceÄŸim..siz siz olun sakÄ±n arÃ§elikten iÄŸne bile almayÄ±n,N/A,N/A,N/A,"Video: ArÃ§elik Gurme SteamFryÂ® FritÃ¶z - FR 9374, Channel: ArÃ§elik"
1,YouTube,@hanifeacar3874,https://www.youtube.com/watch?v=RDjI8XtY2Zc,Ä°Ã§li kÃ¶fte  aparatÄ± yokmu,N/A,N/A,N/A,"Video: ArÃ§elik Multi Åef Profesyonel Mutfak Makinesi - MM 9042 DS, Channel: ArÃ§elik"
2,YouTube,@hadiyealtun5415,https://www.youtube.com/watch?v=RDjI8XtY2Zc,"Hamur aÃ§ma kesme, kÄ±yma iÃ§li kÃ¶fte  ve pÃ¼re aparatlarÄ± ayrÄ± satÄ±lÄ±yor ve sadece altta Ã§oook hÄ±zlÄ± bir biÃ§imde ufacÄ±k yazÄ±yla geÃ§iyor bu bilgi",N/A,N/A,N/A,"Video: ArÃ§elik Multi Åef Profesyonel Mutfak Makinesi - MM 9042 DS, Channel: ArÃ§elik"
3,YouTube,@Emel4Ekim,https://www.youtube.com/watch?v=RDjI8XtY2Zc,"BÃ¶ylesi yÃ¼ksek fiyatlÄ± Ã¼rÃ¼nleri birebir uygulamalÄ± videolarda tanÄ±tmalÄ±sÄ±nÄ±z. Mesela ekmek hamurunu yedi, sekiz dakika boyunca yoÄŸuruÅŸunu, sonrasÄ±nda hamurun aldÄ±ÄŸÄ± kÄ±vamÄ± gÃ¶stermelisiniz.",N/A,N/A,N/A,"Video: ArÃ§elik Multi Åef Profesyonel Mutfak Makinesi - MM 9042 DS, Channel: ArÃ§elik"
1,YouTube,@tf2ss,https://www.youtube.com/watch?v=V6dl-sdl4rc,"Maalesef bu makineden iki adet aldÄ±m ve ikisi de kusurlu Ã§Ä±ktÄ±. SÃ¼rekli teknik bir sorun yaÅŸÄ±yorum, Ã§oÄŸu zaman Ã§alÄ±ÅŸmÄ±yor ve yanlÄ±ÅŸ bir ÅŸekilde uyarÄ± Ä±ÅŸÄ±ÄŸÄ± yanÄ±yor. Bazen suyu yeterince kaynatmÄ±yor, su kaynamadan Ã¶nce bitiÅŸ sinyali veriyor. AyrÄ±ca, bazen sadece saÄŸ taraf Ã§alÄ±ÅŸÄ±yor, bazen de sol taraf. Her seferinde malzemeleri atmak ve her iki kabÄ± da yeniden yÄ±kamak zorunda kalÄ±yorum.<br><br>GerÃ§ekten bu makineye olan ilgimi kaybettim. Eski modelini on yÄ±ldan uzun bir sÃ¼re Ã¶nce almÄ±ÅŸtÄ±m ve hÃ¢lÃ¢ sorunsuz Ã§alÄ±ÅŸÄ±yor.<br><br>Bu makineyi seviyorum Ã§Ã¼nkÃ¼ piyasada manyetik indÃ¼ksiyon prensibiyle Ã§alÄ±ÅŸan tek makine.",N/A,N/A,N/A,"Video: ArÃ§elik Telve TKM 9961 ile Benzersiz TÃ¼rk Kahvesi Lezzeti!, Channel: ArÃ§elik"
2,YouTube,@senacilingir1906,https://www.youtube.com/watch?v=V6dl-sdl4rc,Merhaba Ã¼rÃ¼nÃ¼ iki gÃ¼n Ã¶nce aldÄ±m fakat kahve boyutunda ciddi sÄ±kÄ±ntÄ± yaÅŸÄ±yorum en bÃ¼yÃ¼k boy olarak seÃ§tiÄŸim ve 3 adet fincan olarak piÅŸirdiÄŸim kahve en kÃ¼Ã§Ã¼k fincanÄ±m iÃ§in yeterli gelmiyor normal fincan boyutu ayarÄ± nasÄ±l yapÄ±lacak,N/A,N/A,N/A,"Video: ArÃ§elik Telve TKM 9961 ile Benzersiz TÃ¼rk Kahvesi Lezzeti!, Channel: ArÃ§elik"
3,YouTube,@pnardemirel8647,https://www.youtube.com/watch?v=V6dl-sdl4rc,ÃœrÃ¼nÃ¼n su ayarÄ± nasÄ±l yapÄ±lÄ±yoe,N/A,N/A,N/A,"Video: ArÃ§elik Telve TKM 9961 ile Benzersiz TÃ¼rk Kahvesi Lezzeti!, Channel: ArÃ§elik"
4,YouTube,@fezacan2454,https://www.youtube.com/watch?v=V6dl-sdl4rc,HiÃ§te benzersiz deÄŸil ayÄ±plÄ± Ã¼rÃ¼nÃ¼ niye almÄ±yosun garantide geÃ§en sÃ¼rede napcaz ar-Ã§elik,N/A,N/A,N/A,"Video: ArÃ§elik Telve TKM 9961 ile Benzersiz TÃ¼rk Kahvesi Lezzeti!, Channel: ArÃ§elik"
5,YouTube,@GlsmDgn-o1q,https://www.youtube.com/watch?v=V6dl-sdl4rc,SÃ¼tlÃ¼ piÅŸirim yapÄ±yor mu,N/A,N/A,N/A,"Video: ArÃ§elik Telve TKM 9961 ile Benzersiz TÃ¼rk Kahvesi Lezzeti!, Channel: ArÃ§elik"
1,YouTube,@SsHdjy,https://www.youtube.com/watch?v=1bwAo9L2ej8,Boyuttan Ã§Ä±k baska yapcak biseyimiz yok,N/A,N/A,N/A,"Video: ArÃ§elik Neo Otonom Ã‡amaÅŸÄ±r Makinesi - 10120 IMP, Channel: ArÃ§elik"
2,YouTube,@dmrcnxpro5225,https://www.youtube.com/watch?v=1bwAo9L2ej8,Bu motor tiplerini Inverter DirectDrive Yapabilirsiniz. Makine Canavar gibi. TeÅŸekÃ¼rler ArÃ§elikâ¤ <br>                                                                 <br>                                                                                                                                                           <br>                                                                       <br><br>                                                                ~ <br>                                                            ----  \<br>                                                       ---- â¤    ----<br>                                                       \    ----,N/A,N/A,N/A,"Video: ArÃ§elik Neo Otonom Ã‡amaÅŸÄ±r Makinesi - 10120 IMP, Channel: ArÃ§elik"
3,YouTube,@azimeilhan4598,https://www.youtube.com/watch?v=1bwAo9L2ej8,Helal olsun valla annem babam ÅŸirkete hayran evimizde herÅŸey ArÃ§elik sizden baÅŸka en iyi baÅŸka bir firma gÃ¶rmedim,N/A,N/A,N/A,"Video: ArÃ§elik Neo Otonom Ã‡amaÅŸÄ±r Makinesi - 10120 IMP, Channel: ArÃ§elik"
4,YouTube,@sinemsar9874,https://www.youtube.com/watch?v=1bwAo9L2ej8,ğŸ¤¢ğŸ¤¢ğŸ¤¢,N/A,N/A,N/A,"Video: ArÃ§elik Neo Otonom Ã‡amaÅŸÄ±r Makinesi - 10120 IMP, Channel: ArÃ§elik"
5,YouTube,@0SKZ_MY_WORLD0,https://www.youtube.com/watch?v=1bwAo9L2ej8,Bana hediye edebilirmisiniz??,N/A,N/A,N/A,"Video: ArÃ§elik Neo Otonom Ã‡amaÅŸÄ±r Makinesi - 10120 IMP, Channel: ArÃ§elik"
6,YouTube,@erolefiloglu922,https://www.youtube.com/watch?v=1bwAo9L2ej8,Merhaba beyaz eÅŸya olarak nasÄ±l Vestel kullanÄ±ÅŸlÄ± mÄ± bilgisi ve anlayan kiÅŸi yardÄ±mcÄ± olursa sevinirim yoksa ArÃ§elik  Profilo sÄ±emens mi,N/A,N/A,N/A,"Video: ArÃ§elik Neo Otonom Ã‡amaÅŸÄ±r Makinesi - 10120 IMP, Channel: ArÃ§elik"
7,YouTube,@merveist9244,https://www.youtube.com/watch?v=1bwAo9L2ej8,"Sizden aldigim makineden asla memnun kalmadim, sakin bana yardimci olalim  falan diye mesaj atmayin, yalan soyluyorsunuz servis sadece geliyor ve gidiyor care yok ama youtobe video yukledim ordan ne kadar kotu kalitede makine Ã¼rettiÄŸiniz herkese gÃ¶stericrm",N/A,N/A,N/A,"Video: ArÃ§elik Neo Otonom Ã‡amaÅŸÄ±r Makinesi - 10120 IMP, Channel: ArÃ§elik"
8,YouTube,@ayazcan9460,https://www.youtube.com/watch?v=1bwAo9L2ej8,SÄ±kma devri Ã§ok dÃ¼ÅŸÃ¼k 1400 olsaydÄ± iyiydi,N/A,N/A,N/A,"Video: ArÃ§elik Neo Otonom Ã‡amaÅŸÄ±r Makinesi - 10120 IMP, Channel: ArÃ§elik"
9,YouTube,@shiva_22,https://www.youtube.com/watch?v=1bwAo9L2ej8,&quot;ArÃ§elik demek yenilik demek yenilik demek ArÃ§elik demek &quot;â¤,N/A,N/A,N/A,"Video: ArÃ§elik Neo Otonom Ã‡amaÅŸÄ±r Makinesi - 10120 IMP, Channel: ArÃ§elik"
10,YouTube,@mehmetdemirtas1112,https://www.youtube.com/watch?v=1bwAo9L2ej8,Bedava verseler almam,N/A,N/A,N/A,"Video: ArÃ§elik Neo Otonom Ã‡amaÅŸÄ±r Makinesi - 10120 IMP, Channel: ArÃ§elik"
11,YouTube,@semrayavuz70,https://www.youtube.com/watch?v=1bwAo9L2ej8,Yorumlara bakÄ±yorum da benim bahtsÄ±zlÄ±ÄŸÄ±m herhalde,N/A,N/A,N/A,"Video: ArÃ§elik Neo Otonom Ã‡amaÅŸÄ±r Makinesi - 10120 IMP, Channel: ArÃ§elik"
12,YouTube,@eyupaytutucu3084,https://www.youtube.com/watch?v=1bwAo9L2ej8,TeÅŸekkÃ¼rler ArÃ§elik TÃ¼rk mÃ¼hendislerin eline saÄŸlÄ±k Made in TÃ¼rkiye â¤ï¸  gurur duyuyorum sÃ¼per bir Ã¼rÃ¼n inÅŸallah almanyaya gelirse almaya dÃ¼ÅŸÃ¼nÃ¼yorum.,N/A,N/A,N/A,"Video: ArÃ§elik Neo Otonom Ã‡amaÅŸÄ±r Makinesi - 10120 IMP, Channel: ArÃ§elik"
13,YouTube,@harunisa3107,https://www.youtube.com/watch?v=1bwAo9L2ej8,ArÃ§elikâ€™in tÃ¼m Ã¼rÃ¼nlerini severek kullanÄ±yoruz. Kaliteli ve gÃ¼zel servisleri var.,N/A,N/A,N/A,"Video: ArÃ§elik Neo Otonom Ã‡amaÅŸÄ±r Makinesi - 10120 IMP, Channel: ArÃ§elik"
14,YouTube,@mehmetkaracan5995,https://www.youtube.com/watch?v=1bwAo9L2ej8,Ã‡ok memnun kaldÄ±m tavsiye ederim herkeseğŸ’¯,N/A,N/A,N/A,"Video: ArÃ§elik Neo Otonom Ã‡amaÅŸÄ±r Makinesi - 10120 IMP, Channel: ArÃ§elik"
15,YouTube,@fazzygencoglu,https://www.youtube.com/watch?v=1bwAo9L2ej8,"BakÄ±nÄ±z yerli ve milli dediÄŸimiz ÅŸey Ã¼lkemizde Ã¼retilip en kaliteli bant Ã¼rÃ¼nÃ¼nÃ¼ halka sunmaktÄ±r. Ancak ; yapÄ±lan araÅŸtÄ±rmalar ve arÃ§elik fabrikasÄ±nda bu Ã¼rÃ¼nlerin Ã§Ä±kÄ±ÅŸÄ±nÄ± saÄŸlayan arkadaÅŸÄ±m Ã¼lke dÄ±ÅŸÄ±na gidenle Ã¼lke iÃ§ine sunulan Ã¼rÃ¼nlerdeki kalite tonlarca fark olduÄŸunu sÃ¶ylÃ¼yor gerek materyal gerek elektronik aksamlar olsun aynÄ±sÄ±nÄ±n olmadÄ±ÄŸÄ±nÄ± sÃ¶ylemese anlÄ±yoruz maalesef, ben samsung adwash yÄ±kama ve kurutma 2 in 1 olandan aldÄ±m ufak bir sorun yaÅŸadÄ±m aylar sonra yapÄ±lmasÄ± teklif bile edilmeden en son Ã§Ä±kanÄ± fiyat farkÄ± sunmadan gÃ¶nderdiler, o yÃ¼zden kendi adÄ±ma yerli ve milli ne varsa uzak duruyorum bedava verseler kullanmam Ã§Ã¼nkÃ¼ o zaman bile arkasÄ±nda hinlik ararÄ±m bu kadar basit alan alsÄ±n gÃ¼le gÃ¼le kullansÄ±n.....sevgiler saygÄ±lar",N/A,N/A,N/A,"Video: ArÃ§elik Neo Otonom Ã‡amaÅŸÄ±r Makinesi - 10120 IMP, Channel: ArÃ§elik"
16,YouTube,@mutlubozdag3083,https://www.youtube.com/watch?v=1bwAo9L2ej8,"Dokunmatik panele arge yapÄ±ldÄ± mi, Ã§Ã¼nkÃ¼ bu tÃ¼r paneller cabuk bozulabiliyor, umarim cok kaliteli malzeme kullanÄ±lmÄ±ÅŸtÄ±r yani yurtdÄ±ÅŸÄ±na ihrac edilenler gibi",N/A,N/A,N/A,"Video: ArÃ§elik Neo Otonom Ã‡amaÅŸÄ±r Makinesi - 10120 IMP, Channel: ArÃ§elik"
17,YouTube,@yukselyigiter,https://www.youtube.com/watch?v=1bwAo9L2ej8,6 ay Ã¶nce 10120 m modeli aldÄ±m arÃ§elik web sitesindeki yorumlarÄ± okudum Ã§ok sessiz istediÄŸiniz saatte Ã§alÄ±ÅŸtÄ±rÄ±n hiÃ§bir ses hissetmezseniz diye aldÄ±m makine sesli Ã§alÄ±ÅŸÄ±yordu iade veya iptal istedim aramadan aynÄ±sÄ±nÄ± tekrar gÃ¶nderdiler Ã¼rÃ¼n deÄŸiÅŸikliÄŸi yaptÄ±m 10120 Ä±mp arÃ§elik neo otonom 24 aralÄ±kâ€™ta deÄŸiÅŸim farkÄ±nÄ± verdim 17 ocakâ€™ta geldi geldiÄŸi zaman fabrikasyon hatasÄ± vardÄ± hiÃ§ kalite kontrol yok Ã¼st kapaÄŸÄ± yarÄ±m santim dÄ±ÅŸarÄ±daydÄ± ÅŸunu demek istiyorum arÃ§elikâ€™te artÄ±k eski kalite yok 40 yÄ±la yakÄ±n ailece arÃ§elik mÃ¼ÅŸterisiyiz hiÃ§bir ilgi alaka yok sadece Ã§ok maÄŸdur ettiler bu son arÃ§elik Ã¼rÃ¼nÃ¼ bundan sonra bir daha arÃ§elik almayacaÄŸÄ±m sadece burada sizinle paylaÅŸmak istedim aklÄ±mdayken 10120 Ä±mp arÃ§elik neo otonom Ã¼rÃ¼n daha hala gelmedi Ã§ift taraflÄ± yapÄ±ÅŸkan bant gibi neresinden tutsanÄ±z elinde kalÄ±yor!!!,N/A,N/A,N/A,"Video: ArÃ§elik Neo Otonom Ã‡amaÅŸÄ±r Makinesi - 10120 IMP, Channel: ArÃ§elik"
18,YouTube,@seldasurmeli5643,https://www.youtube.com/watch?v=1bwAo9L2ej8,ArÃ§elik 9 kg kututma makinasÄ± iÃ§in de aynÄ±sÄ±nÄ± diyebilseydim 4. Kez deÄŸiÅŸime girdi beni maÄŸdur etmiyeceÄŸim diyen ArÃ§elik nerede acaba konuÅŸmalar yalanmydÄ± bir insan ne kadar oyalanÄ±r bir Ã¼st modeli sÃ¶ylediÄŸimde hiÃ§ fiyat farkÄ± sÃ¶ylenilmiyordu ÅŸimdi deÄŸiÅŸime gelince fiyat farkÄ± Ã§Ä±kÄ±yor ayrÄ±ca servisin yaptÄ±ÄŸÄ± hakaretler de Ã§abasÄ± neden sÃ¶zÃ¼nÃ¼zde durmuyorsunuz beni maÄŸdur ediyorsunuz 4 . Gelecek olan kurutmanÄ±n da garantisi yok deniliyor yine deÄŸiÅŸim deniliyor lÃ¼tfen sÃ¶zÃ¼nÃ¼zÃ¼n arkasÄ±nda durun,N/A,N/A,N/A,"Video: ArÃ§elik Neo Otonom Ã‡amaÅŸÄ±r Makinesi - 10120 IMP, Channel: ArÃ§elik"
19,YouTube,@whatsup5794,https://www.youtube.com/watch?v=1bwAo9L2ej8,arÃ§elik mi aman yarabbi evlerden Ä±rak.,N/A,N/A,N/A,"Video: ArÃ§elik Neo Otonom Ã‡amaÅŸÄ±r Makinesi - 10120 IMP, Channel: ArÃ§elik"
20,YouTube,@duduakyol7652,https://www.youtube.com/watch?v=1bwAo9L2ej8,AldÄ±m  ama  dwterjan  hangi marka  kullanmam  konusunda  bilgilendirilmedim,N/A,N/A,N/A,"Video: ArÃ§elik Neo Otonom Ã‡amaÅŸÄ±r Makinesi - 10120 IMP, Channel: ArÃ§elik"
21,YouTube,@sepultallica2654,https://www.youtube.com/watch?v=1bwAo9L2ej8,Ã‡ok hoÅŸuma gitti evde 2 tane arcelik makinem var ona raÄŸmen alasÄ±m var ama fiyatÄ± malesef ulaÅŸÄ±labilir olmasÄ±na biraz engel gibi,N/A,N/A,N/A,"Video: ArÃ§elik Neo Otonom Ã‡amaÅŸÄ±r Makinesi - 10120 IMP, Channel: ArÃ§elik"
22,YouTube,@bulutveyunuskucukbas,https://www.youtube.com/watch?v=1bwAo9L2ej8,MÃ¼kemmel ğŸ¤‘ğŸ¤‘ğŸ¤‘ğŸ¤©ğŸ¤©ğŸ¤©ğŸ¤©ğŸ¤©,N/A,N/A,N/A,"Video: ArÃ§elik Neo Otonom Ã‡amaÅŸÄ±r Makinesi - 10120 IMP, Channel: ArÃ§elik"
23,YouTube,@huseyincesur6295,https://www.youtube.com/watch?v=1bwAo9L2ej8,Kalite asla tesadÃ¼f deÄŸildir.mukemmel olmuÅŸ ğŸ˜Š,N/A,N/A,N/A,"Video: ArÃ§elik Neo Otonom Ã‡amaÅŸÄ±r Makinesi - 10120 IMP, Channel: ArÃ§elik"
24,YouTube,@feridebez1472,https://www.youtube.com/watch?v=1bwAo9L2ej8,Peki Ä°Ä°Ä° sadece 10 kg mÄ± ve fiyatÄ± nekadar acabaa,N/A,N/A,N/A,"Video: ArÃ§elik Neo Otonom Ã‡amaÅŸÄ±r Makinesi - 10120 IMP, Channel: ArÃ§elik"
25,YouTube,@selcukkahraman6024,https://www.youtube.com/watch?v=1bwAo9L2ej8,"MÃ¼kemmel tasarÄ±m, mÃ¼kemmel teknoloji tebrikler ArÃ§elik! En kÄ±sa sÃ¼rede aynÄ± tasarÄ±m ve teknoloji de bir kurutma makineside gÃ¶rmek isteriz ğŸ‘ğŸ»",N/A,N/A,N/A,"Video: ArÃ§elik Neo Otonom Ã‡amaÅŸÄ±r Makinesi - 10120 IMP, Channel: ArÃ§elik"
26,YouTube,@emirce,https://www.youtube.com/watch?v=1bwAo9L2ej8,Vaybe benim 14 yÄ±llÄ±k ArÃ§elik Ã¼zÃ¼ldÃ¼,N/A,N/A,N/A,"Video: ArÃ§elik Neo Otonom Ã‡amaÅŸÄ±r Makinesi - 10120 IMP, Channel: ArÃ§elik"
27,YouTube,@RareWubbox398,https://www.youtube.com/watch?v=1bwAo9L2ej8,Baya gÃ¼zel ama garip ve BRAVO!!!!ğŸ‰ğŸ‰ğŸ‰ğŸ‰ğŸ‰,N/A,N/A,N/A,"Video: ArÃ§elik Neo Otonom Ã‡amaÅŸÄ±r Makinesi - 10120 IMP, Channel: ArÃ§elik"
28,YouTube,@mehmetozbek1962,https://www.youtube.com/watch?v=1bwAo9L2ej8,Bravo ğŸ‘EmeÄŸi geÃ§enlerin eline saÄŸlÄ±k,N/A,N/A,N/A,"Video: ArÃ§elik Neo Otonom Ã‡amaÅŸÄ±r Makinesi - 10120 IMP, Channel: ArÃ§elik"
1,YouTube,@kubrabbb7197,https://www.youtube.com/watch?v=oZdbMmayuIM,Buzu Ã§ok gÃ¼zel kurmuÅŸ ama Ã§ikolatalar kalmÄ±ÅŸ ğŸ˜…,N/A,N/A,N/A,"Video: ArÃ§elik B-FitÂ® Personal Blender - KB 6234 T, Channel: ArÃ§elik"
2,YouTube,@aysenuroguzhan4545,https://www.youtube.com/watch?v=oZdbMmayuIM,Buz kÄ±rma Ã¶zelliÄŸi var mÄ±,N/A,N/A,N/A,"Video: ArÃ§elik B-FitÂ® Personal Blender - KB 6234 T, Channel: ArÃ§elik"
1,YouTube,@Yavuz-yl2xx,https://www.youtube.com/watch?v=L2tvwS-b2RA,ArÃ§eliÄŸin Ã§ay iÃ§mesi ÅŸakamÄ±,N/A,N/A,N/A,"Video: ArÃ§elik 4K Ultra HDTV, Channel: ArÃ§elik"
2,YouTube,@BatuhanArdaHalhallÄ±,https://www.youtube.com/watch?v=L2tvwS-b2RA,"<a href=""https://www.youtube.com/watch?v=L2tvwS-b2RA&amp;t=21"">0:21</a> Ã‡elik der ki: HoÅŸt",N/A,N/A,N/A,"Video: ArÃ§elik 4K Ultra HDTV, Channel: ArÃ§elik"
3,YouTube,@omertopcu_42,https://www.youtube.com/watch?v=L2tvwS-b2RA,Ã‡elik robotsa nasÄ±l Ã§ay iÃ§iyorğŸ¤”ğŸ¤”ğŸ¤—,N/A,N/A,N/A,"Video: ArÃ§elik 4K Ultra HDTV, Channel: ArÃ§elik"
4,YouTube,@bumbmvhmm3618,https://www.youtube.com/watch?v=L2tvwS-b2RA,Tv eski,N/A,N/A,N/A,"Video: ArÃ§elik 4K Ultra HDTV, Channel: ArÃ§elik"
5,YouTube,@mahitekin9196,https://www.youtube.com/watch?v=L2tvwS-b2RA,10 yÄ±l da var ğŸ˜®,N/A,N/A,N/A,"Video: ArÃ§elik 4K Ultra HDTV, Channel: ArÃ§elik"
6,YouTube,@Kanaryafan637,https://www.youtube.com/watch?v=L2tvwS-b2RA,Ay âœ¨hoÅŸtty,N/A,N/A,N/A,"Video: ArÃ§elik 4K Ultra HDTV, Channel: ArÃ§elik"
7,YouTube,@tarkanturkmen7755,https://www.youtube.com/watch?v=L2tvwS-b2RA,Ã‡ay Ã§elik,N/A,N/A,N/A,"Video: ArÃ§elik 4K Ultra HDTV, Channel: ArÃ§elik"
8,YouTube,@270TV-fs3je,https://www.youtube.com/watch?v=L2tvwS-b2RA,HiÃ§ gÃ¼zel deÄŸil,N/A,N/A,N/A,"Video: ArÃ§elik 4K Ultra HDTV, Channel: ArÃ§elik"
9,YouTube,@dogihanHan,https://www.youtube.com/watch?v=L2tvwS-b2RA,"<a href=""https://www.youtube.com/watch?v=L2tvwS-b2RA&amp;t=3"">00:03</a> Ã§ay ve Ã§elik ??",N/A,N/A,N/A,"Video: ArÃ§elik 4K Ultra HDTV, Channel: ArÃ§elik"
10,YouTube,@Bybugrabey,https://www.youtube.com/watch?v=L2tvwS-b2RA,Ã‡elik dayÄ± ne yapÄ±yorsun Ã§aycÄ±,N/A,N/A,N/A,"Video: ArÃ§elik 4K Ultra HDTV, Channel: ArÃ§elik"
11,YouTube,@zeynepozan1798,https://www.youtube.com/watch?v=L2tvwS-b2RA,Ldcnsxbx,N/A,N/A,N/A,"Video: ArÃ§elik 4K Ultra HDTV, Channel: ArÃ§elik"
12,YouTube,@GodzillaAgainstMechaGodzilla20,https://www.youtube.com/watch?v=L2tvwS-b2RA,"<a href=""https://www.youtube.com/watch?v=L2tvwS-b2RA&amp;t=22"">0:22</a> ğŸ¤£ğŸ˜‚ğŸ¤£ğŸ¤£ğŸ˜‚ğŸ˜‚ğŸ˜‚",N/A,N/A,N/A,"Video: ArÃ§elik 4K Ultra HDTV, Channel: ArÃ§elik"
13,YouTube,@mesutklcaslan581,https://www.youtube.com/watch?v=L2tvwS-b2RA,"ğŸ˜¡ğŸ˜¡ArÃ§elikten bir Ã¼tÃ¼ aldÄ±m Ã¼tÃ¼lemiyodu iade ettim dedimki tamam Ã¼tÃ¼ yapmayÄ± beceremiyolardÄ±r. Daha sonra set Ã¼stÃ¼ ocak aldÄ±m defolu geldi dedimki deÄŸiÅŸtirelim bana 1600 tl daha ucuz olan bir ocak verdiler tamam ama o 1600 tl farkÄ± iade etmemek iÃ§in ellerinden geleni yaptÄ±lar ve vermediler Ã§ingene gibi davrandÄ±lar ve ocaktanda memnun deÄŸilim iademide kabul etmediler<br>ArÃ§elikten kesinlikle birÅŸey almayÄ±n boÅŸu boÅŸuna sinir stres sahibi olursunuz. Muhattab bulamÄ±yorsunuz bulduÄŸunuzda sizi Ã¶yle bir zorluyoki katil olursunuz. Kesinlikle hiÃ§birÅŸey almayÄ±n, anlayÄ±ÅŸ yok kalite yok, dolandÄ±rÄ±cÄ±lÄ±k bir sistem var. BRAVO ARÃ‡ELÄ°KğŸ˜ˆ",N/A,N/A,N/A,"Video: ArÃ§elik 4K Ultra HDTV, Channel: ArÃ§elik"
14,YouTube,@kezibanaltinkaynak493,https://www.youtube.com/watch?v=L2tvwS-b2RA,Ã‡elik&#39;in belgeselci olmasÄ±.,N/A,N/A,N/A,"Video: ArÃ§elik 4K Ultra HDTV, Channel: ArÃ§elik"
15,YouTube,@sebahatparpul7879,https://www.youtube.com/watch?v=L2tvwS-b2RA,8 s,N/A,N/A,N/A,"Video: ArÃ§elik 4K Ultra HDTV, Channel: ArÃ§elik"
16,YouTube,@cinartaskiran4795,https://www.youtube.com/watch?v=L2tvwS-b2RA,Celiknaz tv televizyon kapattÄ±,N/A,N/A,N/A,"Video: ArÃ§elik 4K Ultra HDTV, Channel: ArÃ§elik"
17,YouTube,@melihsefa526,https://www.youtube.com/watch?v=L2tvwS-b2RA,ArÃ§elik televizyon ne zaman gelir televizyon,N/A,N/A,N/A,"Video: ArÃ§elik 4K Ultra HDTV, Channel: ArÃ§elik"
18,YouTube,@ervasuyurtbilir9067,https://www.youtube.com/watch?v=L2tvwS-b2RA,Bence izlenme yelim,N/A,N/A,N/A,"Video: ArÃ§elik 4K Ultra HDTV, Channel: ArÃ§elik"
19,YouTube,@ervasuyurtbilir9067,https://www.youtube.com/watch?v=L2tvwS-b2RA,Ne,N/A,N/A,N/A,"Video: ArÃ§elik 4K Ultra HDTV, Channel: ArÃ§elik"
20,YouTube,@ervasuyurtbilir9067,https://www.youtube.com/watch?v=L2tvwS-b2RA,Adam daha mÄ±sÄ±r vermiyor,N/A,N/A,N/A,"Video: ArÃ§elik 4K Ultra HDTV, Channel: ArÃ§elik"
21,YouTube,@mustafagulec8918,https://www.youtube.com/watch?v=L2tvwS-b2RA,"<a href=""https://www.youtube.com/watch?v=L2tvwS-b2RA&amp;t=21"">00:21</a>ğŸ˜‚ğŸ˜‚ğŸ˜‚ğŸ˜‚",N/A,N/A,N/A,"Video: ArÃ§elik 4K Ultra HDTV, Channel: ArÃ§elik"
22,YouTube,@Ozanisik8124,https://www.youtube.com/watch?v=L2tvwS-b2RA,Ya bu reklamÄ±n en gÃ¼zel tarafÄ± Ã‡elik&#39;in korkudan &quot;hoÅŸt!&quot; demesi. Tekrar tekrar izler gÃ¼lerim.,N/A,N/A,N/A,"Video: ArÃ§elik 4K Ultra HDTV, Channel: ArÃ§elik"
23,YouTube,@erenkartal1635,https://www.youtube.com/watch?v=L2tvwS-b2RA,P,N/A,N/A,N/A,"Video: ArÃ§elik 4K Ultra HDTV, Channel: ArÃ§elik"
24,YouTube,@erenkartal1635,https://www.youtube.com/watch?v=L2tvwS-b2RA,P,N/A,N/A,N/A,"Video: ArÃ§elik 4K Ultra HDTV, Channel: ArÃ§elik"
25,YouTube,@metingoycek6493,https://www.youtube.com/watch?v=L2tvwS-b2RA,efhhffhhfhfghghfuyygyghgufyytÃ¾tututyutugugthfu,N/A,N/A,N/A,"Video: ArÃ§elik 4K Ultra HDTV, Channel: ArÃ§elik"
26,YouTube,@yusufeyikudamac4544,https://www.youtube.com/watch?v=L2tvwS-b2RA,"<a href=""https://www.youtube.com/watch?v=L2tvwS-b2RA&amp;t=20"">0:20</a>",N/A,N/A,N/A,"Video: ArÃ§elik 4K Ultra HDTV, Channel: ArÃ§elik"
27,YouTube,@irfanilhan4314,https://www.youtube.com/watch?v=L2tvwS-b2RA,Bv,N/A,N/A,N/A,"Video: ArÃ§elik 4K Ultra HDTV, Channel: ArÃ§elik"
28,YouTube,@kuzeyvsefefenerbahce2207,https://www.youtube.com/watch?v=L2tvwS-b2RA,Ses sistemi efsaneymiÅŸ,N/A,N/A,N/A,"Video: ArÃ§elik 4K Ultra HDTV, Channel: ArÃ§elik"
29,YouTube,@alimertyonca5526,https://www.youtube.com/watch?v=L2tvwS-b2RA,Efsane,N/A,N/A,N/A,"Video: ArÃ§elik 4K Ultra HDTV, Channel: ArÃ§elik"
30,YouTube,@oznuragduk6157,https://www.youtube.com/watch?v=L2tvwS-b2RA,Ã‡ok gÃ¼zel televizyon,N/A,N/A,N/A,"Video: ArÃ§elik 4K Ultra HDTV, Channel: ArÃ§elik"
1,YouTube,@nesrinemiroglu-pd9gc,https://www.youtube.com/watch?v=-anVx2Grqik,2â€™li arÃ§elik telve kullanÄ±yordum Ã§ok memnundum diye kÃ¼Ã§Ã¼ÄŸÃ¼nÃ¼ aldÄ±m bu modeli 3 gÃ¼ndÃ¼r kullanÄ±yorum ama memnun deÄŸilim kÃ¶pÃ¼klÃ¼ olmuyor ve kahve yanÄ±k gibi Ã§Ä±kÄ±yor.,N/A,N/A,N/A,"Video: ArÃ§elik Telve X TÃ¼rk Kahvesi Makinesi - TKM 3341, Channel: ArÃ§elik"
2,YouTube,@FarklÄ±gÃ¼ndem,https://www.youtube.com/watch?v=-anVx2Grqik,"AldÄ±m elimde patladÄ± Ã§ok piÅŸmanÄ±m arkadaÅŸlar, kronik sorunu var sinyal sesi takÄ±lÄ± kalÄ±yor.",N/A,N/A,N/A,"Video: ArÃ§elik Telve X TÃ¼rk Kahvesi Makinesi - TKM 3341, Channel: ArÃ§elik"
3,YouTube,@haticesahin8751,https://www.youtube.com/watch?v=-anVx2Grqik,ÃœrÃ¼nÃ¼ dÃ¼n aldÄ±m. Ä°ki gÃ¼ndÃ¼r kahve yapÄ±yorum asla kÃ¶pÃ¼klÃ¼ olmuyor. AyrÄ±ca kahvenin tadÄ± Ã§ok acÄ± oluyor,N/A,N/A,N/A,"Video: ArÃ§elik Telve X TÃ¼rk Kahvesi Makinesi - TKM 3341, Channel: ArÃ§elik"
4,YouTube,@beyza7690,https://www.youtube.com/watch?v=-anVx2Grqik,Maalesef kÃ¶pÃ¼k yok..,N/A,N/A,N/A,"Video: ArÃ§elik Telve X TÃ¼rk Kahvesi Makinesi - TKM 3341, Channel: ArÃ§elik"
5,YouTube,@iremikos,https://www.youtube.com/watch?v=-anVx2Grqik,"merhaba, mini telve ile tek farkÄ± kapasitesi mi? yoksa baÅŸka farkÄ± var mÄ±?",N/A,N/A,N/A,"Video: ArÃ§elik Telve X TÃ¼rk Kahvesi Makinesi - TKM 3341, Channel: ArÃ§elik"
6,YouTube,@dilekersoyoglu3206,https://www.youtube.com/watch?v=-anVx2Grqik,"merhaba, bu Ã¼rÃ¼nÃ¼ aldÄ±ÄŸÄ±mdan beri arada kahveyi Ä±lÄ±k Ã§Ä±kartÄ±yor. servise yolladÄ±m, yine aynÄ± hatayÄ± veriyor. ayrÄ±ca kahveyi yakÄ±yor acÄ± bir tad oluyor. aynÄ± ÅŸikayeti olan var mÄ± diye yorumlarÄ± okumaya gelmiÅŸtim. lÃ¼tfen yardÄ±mcÄ± olun.",N/A,N/A,N/A,"Video: ArÃ§elik Telve X TÃ¼rk Kahvesi Makinesi - TKM 3341, Channel: ArÃ§elik"
7,YouTube,@Ä°melekblog,https://www.youtube.com/watch?v=-anVx2Grqik,ÃœrÃ¼nÃ¼m Ã¶tmÃ¼yor ve kahve yanmÄ±ÅŸ kÃ¶pÃ¼ksÃ¼z Ã§Ä±kÄ±yor tavsiye etmiyorum,N/A,N/A,N/A,"Video: ArÃ§elik Telve X TÃ¼rk Kahvesi Makinesi - TKM 3341, Channel: ArÃ§elik"
8,YouTube,@edanuryilmaz7530,https://www.youtube.com/watch?v=-anVx2Grqik,Hangi kahveyle denersem deneyeyim asla kÃ¶pÃ¼klÃ¼ yapmÄ±yor daha kÃ¶tÃ¼ markalarÄ±n kahve makinalarÄ± bile daha kÃ¶pÃ¼klÃ¼ yapÄ±yor,N/A,N/A,N/A,"Video: ArÃ§elik Telve X TÃ¼rk Kahvesi Makinesi - TKM 3341, Channel: ArÃ§elik"
9,YouTube,@cananbasboga,https://www.youtube.com/watch?v=-anVx2Grqik,Kahve makinesini aldÄ±m iki hafta sil sezi vardÄ± bitince haber ediyordu iki gÃ¼ndÃ¼r vermiyor neden bÃ¶yle oldu acabq,N/A,N/A,N/A,"Video: ArÃ§elik Telve X TÃ¼rk Kahvesi Makinesi - TKM 3341, Channel: ArÃ§elik"
10,YouTube,@aytensenates4928,https://www.youtube.com/watch?v=-anVx2Grqik,SÃ¼tlÃ¼ kahve yaplÄ±rmÄ±,N/A,N/A,N/A,"Video: ArÃ§elik Telve X TÃ¼rk Kahvesi Makinesi - TKM 3341, Channel: ArÃ§elik"
11,YouTube,@ayferseckinulku6745,https://www.youtube.com/watch?v=-anVx2Grqik,Kahve makinelerinin cezvesi neden plastikten yapÄ±lÄ±yor.<br>PiÅŸen bir ÅŸey iÃ§in plastik kullanmak istemiyorum.<br>Ve maalesef istediÄŸim modelin Ã§elik cezvesi yok.,N/A,N/A,N/A,"Video: ArÃ§elik Telve X TÃ¼rk Kahvesi Makinesi - TKM 3341, Channel: ArÃ§elik"
12,YouTube,@romanm.7297,https://www.youtube.com/watch?v=-anVx2Grqik,This or k3300?,N/A,N/A,N/A,"Video: ArÃ§elik Telve X TÃ¼rk Kahvesi Makinesi - TKM 3341, Channel: ArÃ§elik"
13,YouTube,@hatunsak640,https://www.youtube.com/watch?v=-anVx2Grqik,SÃ¼tlÃ¼ kahve yapilir mi,N/A,N/A,N/A,"Video: ArÃ§elik Telve X TÃ¼rk Kahvesi Makinesi - TKM 3341, Channel: ArÃ§elik"
14,YouTube,@nalankarakas9989,https://www.youtube.com/watch?v=-anVx2Grqik,ArÃ§elik aynisindan var.icini nasÄ±l ve ne ile temizleyebilir biraz sararma var,N/A,N/A,N/A,"Video: ArÃ§elik Telve X TÃ¼rk Kahvesi Makinesi - TKM 3341, Channel: ArÃ§elik"
15,YouTube,@taneroz6434,https://www.youtube.com/watch?v=-anVx2Grqik,SÃ¼tlÃ¼ kahve yapÄ±lÄ±r mÄ± bu makina ile,N/A,N/A,N/A,"Video: ArÃ§elik Telve X TÃ¼rk Kahvesi Makinesi - TKM 3341, Channel: ArÃ§elik"
16,YouTube,@nurayogredik8389,https://www.youtube.com/watch?v=-anVx2Grqik,videodaki gibi asla kÃ¶pÃ¼rtmÃ¼yor su gibi Ã§Ä±kartÄ±yor kahveyi,N/A,N/A,N/A,"Video: ArÃ§elik Telve X TÃ¼rk Kahvesi Makinesi - TKM 3341, Channel: ArÃ§elik"
17,YouTube,@yasirhamasoglu5169,https://www.youtube.com/watch?v=-anVx2Grqik,SakÄ±n ama sakÄ±n arÃ§elikten birÅŸey almayÄ±n kilimamÄ±z bozuk Ã§Ä±ktÄ± randevu<br>OluÅŸturmamza raÄŸmen mÃ¼ÅŸteri hizmetlerini arÄ±yoruz yardÄ±mcÄ± olacaklarÄ±nÄ± sÃ¶ylÃ¼yorlar ne yardÄ±mcÄ± oluyorlar nede servis geliyor arÃ§elik 5 para etmez,N/A,N/A,N/A,"Video: ArÃ§elik Telve X TÃ¼rk Kahvesi Makinesi - TKM 3341, Channel: ArÃ§elik"
18,YouTube,@yasinbaloglu1209,https://www.youtube.com/watch?v=-anVx2Grqik,"ArÃ§elik marka 278551 buzdolaplarÄ±nÄ± ALMAYIN ALDIRMAYIN.  Bir buzdolabÄ± aynÄ± arÄ±zayÄ± 4 defa yapar, 3 defa sÄ±fÄ±rÄ± ile deÄŸiÅŸimi olur ve buna raÄŸmen aynÄ± arÄ±zayÄ± aynÄ± yerden aynÄ± noktadan verebilir mi. 3+4=7 ek garantilidir. BuzdolabÄ± iÃ§inde kahvaltÄ± cekmecesinin altÄ±nda su birikmesi yapÄ±yor sÃ¼rekli. ArÃ§elik Ankara bÃ¶lge mÃ¼hendisi arÄ±zaya normal diyecek kadar kalitesiz. ArÄ±zayÄ± normalleÅŸtirmeye Ã§alÄ±ÅŸÄ±yor lar. GÃ¶rmezden gelmeye Ã§alÄ±ÅŸÄ±yor lar. ArÃ§elik kalitesizliÄŸi.....",N/A,N/A,N/A,"Video: ArÃ§elik Telve X TÃ¼rk Kahvesi Makinesi - TKM 3341, Channel: ArÃ§elik"
19,YouTube,@envergungor3018,https://www.youtube.com/watch?v=-anVx2Grqik,Altus bulaÅŸÄ±k makina aldÄ±m hiÃ§ temiz yÄ±kamÄ±yor MÃ¼ÅŸteri hizmetlerini aradÄ±m defalarca servis geldi her defasÄ±nda dediklerini aynen uyguladÄ±m. Sorun Ã§Ã¶zÃ¼lmedi.BÃ¶yle devam ederse makine benim iÅŸime yaramÄ±yor Ã§Ã¶p olacak. Mecburen buraya yazÄ±yorum <br><br>@kocholding<br><br>@arcelik<br><br>@h_bulgurlu,N/A,N/A,N/A,"Video: ArÃ§elik Telve X TÃ¼rk Kahvesi Makinesi - TKM 3341, Channel: ArÃ§elik"
1,YouTube,@mazidenbiriilemuzikziyafeti,https://www.youtube.com/watch?v=GtbAA99gLCs,"IlÄ±k kahve iÃ§enler iÃ§in gÃ¼zel, sÄ±cak kahve iÃ§enler iÃ§in parasÄ±na yazÄ±k edeceÄŸi bir Ã¼rÃ¼n.<br>Bir kere bile sÄ±cak kahve iÃ§emedim bu makinada.",N/A,N/A,N/A,"Video: ArÃ§elik FK 6310 S ile MÃ¼kemmel Demleme Deneyimi!, Channel: ArÃ§elik"
2,YouTube,@alevbasar7116,https://www.youtube.com/watch?v=GtbAA99gLCs,NasÄ±l sÄ±cak olmuyor ben de aldm denemedm daha ama normalde filtre bi tÄ±k Ä±lÄ±k olur ama,N/A,N/A,N/A,"Video: ArÃ§elik FK 6310 S ile MÃ¼kemmel Demleme Deneyimi!, Channel: ArÃ§elik"
3,YouTube,@melekcoskun8344,https://www.youtube.com/watch?v=GtbAA99gLCs,ParanÄ±za yazik    biz paramÄ±za yazÄ±k ettik siz yazÄ±k etmeyin,N/A,N/A,N/A,"Video: ArÃ§elik FK 6310 S ile MÃ¼kemmel Demleme Deneyimi!, Channel: ArÃ§elik"
4,YouTube,@melekcoskun8344,https://www.youtube.com/watch?v=GtbAA99gLCs,IsÄ±tmÄ±yor kesinlikle berbat almayÄ±n iÄŸrenÃ§  soÄŸuk kahve yapÄ±yor  sÄ±cak olmuyor asla,N/A,N/A,N/A,"Video: ArÃ§elik FK 6310 S ile MÃ¼kemmel Demleme Deneyimi!, Channel: ArÃ§elik"
5,YouTube,@mual3240,https://www.youtube.com/watch?v=GtbAA99gLCs,Filtre kaÄŸÄ±dÄ±nÄ± kaÃ§ defa kullanabiliriz,N/A,N/A,N/A,"Video: ArÃ§elik FK 6310 S ile MÃ¼kemmel Demleme Deneyimi!, Channel: ArÃ§elik"
6,YouTube,@yavuzeminesener5124,https://www.youtube.com/watch?v=GtbAA99gLCs,YanlÄ±ÅŸ mÄ± kullanÄ±yorum dicem onun Ä±cÄ±nde aÃ§tÄ±m vÄ±deoyaya bakÄ±yorum ama bÄ±r yorum daha var asla sÄ±cak olmuyor,N/A,N/A,N/A,"Video: ArÃ§elik FK 6310 S ile MÃ¼kemmel Demleme Deneyimi!, Channel: ArÃ§elik"
7,YouTube,@feyzaselek55,https://www.youtube.com/watch?v=GtbAA99gLCs,Merhaba ben yeni aldÄ±m fakat filtre olmadan kullanÄ±mÄ± var mÄ±dÄ±r,N/A,N/A,N/A,"Video: ArÃ§elik FK 6310 S ile MÃ¼kemmel Demleme Deneyimi!, Channel: ArÃ§elik"
8,YouTube,@ozlemyavuz5782,https://www.youtube.com/watch?v=GtbAA99gLCs,Filtre kaÄŸÄ±tlarÄ± nereden alabilirim,N/A,N/A,N/A,"Video: ArÃ§elik FK 6310 S ile MÃ¼kemmel Demleme Deneyimi!, Channel: ArÃ§elik"
9,YouTube,@tahakaraduru6436,https://www.youtube.com/watch?v=GtbAA99gLCs,Ä°yi gÃ¼nler kahve makinasÄ±nÄ± aldÄ±m tadÄ± sÄ±caklÄ±ÄŸÄ± gÃ¼zel fakat 3 bardak su koyuyorsam 2.5 bardak kahve Ã§Ä±kÄ±yor hep su kalÄ±yor haznesinde,N/A,N/A,N/A,"Video: ArÃ§elik FK 6310 S ile MÃ¼kemmel Demleme Deneyimi!, Channel: ArÃ§elik"
10,YouTube,@hasantaskele3331,https://www.youtube.com/watch?v=GtbAA99gLCs,AldÄ±k ama  kahve hiÃ§ sÄ±cak olmuyor Ä±lÄ±k sÄ±cak bir kahve iÃ§emedik,N/A,N/A,N/A,"Video: ArÃ§elik FK 6310 S ile MÃ¼kemmel Demleme Deneyimi!, Channel: ArÃ§elik"
11,YouTube,@ecemahiskali,https://www.youtube.com/watch?v=GtbAA99gLCs,kaÄŸÄ±t filtre olmadan kullanÄ±lmÄ±yor mu,N/A,N/A,N/A,"Video: ArÃ§elik FK 6310 S ile MÃ¼kemmel Demleme Deneyimi!, Channel: ArÃ§elik"
1,YouTube,@zehratopuz8013,https://www.youtube.com/watch?v=WJqTizaBNpU,SÃ¼rahi malzemesi pba iÃ§eriyormu,N/A,N/A,N/A,"Video: ArÃ§elik B-Fit Personal Blender â€“ KB 6134 TK / TS, Channel: ArÃ§elik"
2,YouTube,@melikecelen9600,https://www.youtube.com/watch?v=WJqTizaBNpU,Buz parÃ§alar mÄ± ?,N/A,N/A,N/A,"Video: ArÃ§elik B-Fit Personal Blender â€“ KB 6134 TK / TS, Channel: ArÃ§elik"
3,YouTube,@faunex6812,https://www.youtube.com/watch?v=WJqTizaBNpU,iÃ§inde parÃ§a sallanÄ±yor,N/A,N/A,N/A,"Video: ArÃ§elik B-Fit Personal Blender â€“ KB 6134 TK / TS, Channel: ArÃ§elik"
4,YouTube,@faunex6812,https://www.youtube.com/watch?v=WJqTizaBNpU,0 aldÄ±m dÃ¼ÄŸmesine basÄ±lmÄ±yor bozuk,N/A,N/A,N/A,"Video: ArÃ§elik B-Fit Personal Blender â€“ KB 6134 TK / TS, Channel: ArÃ§elik"
5,YouTube,@feyoozy2,https://www.youtube.com/watch?v=WJqTizaBNpU,Yulafi un haline getirir mi acaba,N/A,N/A,N/A,"Video: ArÃ§elik B-Fit Personal Blender â€“ KB 6134 TK / TS, Channel: ArÃ§elik"
6,YouTube,@harun6300,https://www.youtube.com/watch?v=WJqTizaBNpU,"SipariÅŸ verdim, umarÄ±m beÄŸenirim. ğŸ‰ğŸ™ğŸ»â˜ºï¸",N/A,N/A,N/A,"Video: ArÃ§elik B-Fit Personal Blender â€“ KB 6134 TK / TS, Channel: ArÃ§elik"
7,YouTube,@ayferfrtna,https://www.youtube.com/watch?v=WJqTizaBNpU,FiyatÄ± nedir,N/A,N/A,N/A,"Video: ArÃ§elik B-Fit Personal Blender â€“ KB 6134 TK / TS, Channel: ArÃ§elik"
8,YouTube,@ayferfrtna,https://www.youtube.com/watch?v=WJqTizaBNpU,HavuÃ§ suyu nasÄ±l oluyor,N/A,N/A,N/A,"Video: ArÃ§elik B-Fit Personal Blender â€“ KB 6134 TK / TS, Channel: ArÃ§elik"
9,YouTube,@huseyinintantmavideosu4175,https://www.youtube.com/watch?v=WJqTizaBNpU,Ã§ok    gÃ¼zel,N/A,N/A,N/A,"Video: ArÃ§elik B-Fit Personal Blender â€“ KB 6134 TK / TS, Channel: ArÃ§elik"
10,YouTube,@nazmikoc4583,https://www.youtube.com/watch?v=WJqTizaBNpU,Ã‡ok iyi ğŸ¤©,N/A,N/A,N/A,"Video: ArÃ§elik B-Fit Personal Blender â€“ KB 6134 TK / TS, Channel: ArÃ§elik"
11,YouTube,@halimkrmztepe2557,https://www.youtube.com/watch?v=WJqTizaBNpU,Gayet memnunum aldÄ±ÄŸÄ±na mutluluÄŸu her ÅŸeye bedel,N/A,N/A,N/A,"Video: ArÃ§elik B-Fit Personal Blender â€“ KB 6134 TK / TS, Channel: ArÃ§elik"
1,YouTube,@GamzeKÄ±lÄ±nÃ§aslan-v4h,https://www.youtube.com/watch?v=Mse_MbiTjeM,Ã‡ekmiyor almayÄ±n,N/A,N/A,N/A,"Video: ArÃ§elik Comfort - Xâ„¢ SÃ¼pÃ¼rge TSZ 3282, Channel: ArÃ§elik"
2,YouTube,@ozcandemir6036,https://www.youtube.com/watch?v=Mse_MbiTjeM,Bu,N/A,N/A,N/A,"Video: ArÃ§elik Comfort - Xâ„¢ SÃ¼pÃ¼rge TSZ 3282, Channel: ArÃ§elik"
3,YouTube,@Ninix-Jeny,https://www.youtube.com/watch?v=Mse_MbiTjeM,Napim,N/A,N/A,N/A,"Video: ArÃ§elik Comfort - Xâ„¢ SÃ¼pÃ¼rge TSZ 3282, Channel: ArÃ§elik"
4,YouTube,@meketuran8679,https://www.youtube.com/watch?v=Mse_MbiTjeM,"EmiÅŸ gÃ¼cÃ¼ ayarÄ± olmayan sÃ¼pÃ¼rge almamğŸ˜¢, TSZ6282T veya S 7564 Ã§ok daha iyi",N/A,N/A,N/A,"Video: ArÃ§elik Comfort - Xâ„¢ SÃ¼pÃ¼rge TSZ 3282, Channel: ArÃ§elik"
5,YouTube,@envergungor3018,https://www.youtube.com/watch?v=Mse_MbiTjeM,Altus bulaÅŸÄ±k makina aldÄ±m hiÃ§ temiz yÄ±kamÄ±yor MÃ¼ÅŸteri hizmetlerini aradÄ±m defalarca servis geldi her defasÄ±nda dediklerini aynen uyguladÄ±m. Sorun Ã§Ã¶zÃ¼lmedi.BÃ¶yle devam ederse makine benim iÅŸime yaramÄ±yor Ã§Ã¶p olacak. Mecburen buraya yazÄ±yorum,N/A,N/A,N/A,"Video: ArÃ§elik Comfort - Xâ„¢ SÃ¼pÃ¼rge TSZ 3282, Channel: ArÃ§elik"
6,YouTube,@ilkaycabuk4062,https://www.youtube.com/watch?v=Mse_MbiTjeM,"Ã‡ok kullanÄ±ÅŸlÄ±, teÅŸekkÃ¼rler ArÃ§elik",N/A,N/A,N/A,"Video: ArÃ§elik Comfort - Xâ„¢ SÃ¼pÃ¼rge TSZ 3282, Channel: ArÃ§elik"
1,YouTube,@CotTran-ig5fj,https://www.youtube.com/watch?v=49WsuApzCHQ,LG air conditioner copycat,N/A,N/A,N/A,"Video: Kavurucu Ã§Ã¶l sÄ±caklarÄ±nÄ± daÄŸ serinliÄŸine Ã§eviren klimalar ArÃ§elikâ€™te! #arÃ§elik, Channel: ArÃ§elik"
2,YouTube,@aslozkara3063,https://www.youtube.com/watch?v=49WsuApzCHQ,Kumanda derece aralÄ±ÄŸÄ± ne,N/A,N/A,N/A,"Video: Kavurucu Ã§Ã¶l sÄ±caklarÄ±nÄ± daÄŸ serinliÄŸine Ã§eviren klimalar ArÃ§elikâ€™te! #arÃ§elik, Channel: ArÃ§elik"
1,YouTube,@emelbilge,https://www.youtube.com/watch?v=Lw-yO2y7Iq8,"ÃœrÃ¼nde kronik hata olduÄŸunu dÃ¼ÅŸÃ¼nÃ¼yorum. SensÃ¶r hatasÄ± veriyor sÃ¼rekli, Ã¶zellikle probiyotik yoÄŸurt menÃ¼sÃ¼nde, araÅŸtÄ±rdÄ±ÄŸÄ±mda pek Ã§ok kiÅŸinin aynÄ± ÅŸikayette bulunduÄŸunu gÃ¶rdÃ¼m. Basit bir yoÄŸurt makinesini bile yapamayan ArÃ§elik ÅŸaÅŸÄ±rttÄ± aÃ§Ä±kÃ§asÄ±, Ã¼rÃ¼n ayÄ±plÄ± ise geri Ã§aÄŸÄ±rmalarÄ± beklenir ama dÃ¼nya markalarÄ± bunu yapÄ±yor tabii, yerli firmalarÄ±mÄ±z milyar dolar kazansa da beceremiyor.",N/A,N/A,N/A,"Video: YM 3200 I ArÃ§elik TadÄ± Varâ„¢ Probiyotik YoÄŸurt &amp; Kefir Makinesi, Channel: ArÃ§elik"
2,YouTube,@Tonyukuk1017,https://www.youtube.com/watch?v=Lw-yO2y7Iq8,"Koskocaman makine ama dizayndaki hata sebebi ile yapabileceÄŸimiz yoÄŸurt miktarÄ± kÄ±sÄ±tlanÄ±yor.  Yuvarlak kavanoz yerine kare kavanoz yapsanÄ±z ve kapak olarak silikon kapak yapsanÄ±z yapabileceÄŸimiz yoÄŸurt miktarÄ± da artar.4 adet kare kavanoz yeterli gelecektir.  O kadar bÃ¼yÃ¼k makinede en kÃ¶tÃ¼ 2,5 litre yoÄŸurt yapÄ±labilmeli.",N/A,N/A,N/A,"Video: YM 3200 I ArÃ§elik TadÄ± Varâ„¢ Probiyotik YoÄŸurt &amp; Kefir Makinesi, Channel: ArÃ§elik"
3,YouTube,@as8366,https://www.youtube.com/watch?v=Lw-yO2y7Iq8,Evde anam babam usulÃ¼ yoÄŸurt yapÄ±yoruz bir taÅŸÄ±m kaynatÄ±p 42 c de mayalÄ±yoruz bu makina geleneksel olarak mayalama ile Ã§ok katÄ± olmayan yoÄŸurt yapabilir mi? Ã–rneÄŸin saf keÃ§i sÃ¼tÃ¼nÃ¼ 42 c kadar kaynatÄ±p 37c de mayalÄ±yoruz kaynatma Ä±sÄ±sÄ±nÄ± istediÄŸimiz gibi ayarlama mÃ¼mkÃ¼n mÃ¼,N/A,N/A,N/A,"Video: YM 3200 I ArÃ§elik TadÄ± Varâ„¢ Probiyotik YoÄŸurt &amp; Kefir Makinesi, Channel: ArÃ§elik"
4,YouTube,@BayPuppet31,https://www.youtube.com/watch?v=Lw-yO2y7Iq8,TadÄ± Yok :D,N/A,N/A,N/A,"Video: YM 3200 I ArÃ§elik TadÄ± Varâ„¢ Probiyotik YoÄŸurt &amp; Kefir Makinesi, Channel: ArÃ§elik"
5,YouTube,@selata4481,https://www.youtube.com/watch?v=Lw-yO2y7Iq8,SÃ¼tÃ¼ kaynatÄ±yor mu kaynamÄ±ÅŸ sÃ¼t mÃ¼ ekliyoruz?,N/A,N/A,N/A,"Video: YM 3200 I ArÃ§elik TadÄ± Varâ„¢ Probiyotik YoÄŸurt &amp; Kefir Makinesi, Channel: ArÃ§elik"
6,YouTube,@zagfiran,https://www.youtube.com/watch?v=Lw-yO2y7Iq8,Servis on numara hiÃ§bir markada bÃ¶yle servis yok.,N/A,N/A,N/A,"Video: YM 3200 I ArÃ§elik TadÄ± Varâ„¢ Probiyotik YoÄŸurt &amp; Kefir Makinesi, Channel: ArÃ§elik"
7,YouTube,@butters73745southparkkanal,https://www.youtube.com/watch?v=Lw-yO2y7Iq8,ğŸ¤¨ğŸ‘arÃ§elik ve beko ve altus,N/A,N/A,N/A,"Video: YM 3200 I ArÃ§elik TadÄ± Varâ„¢ Probiyotik YoÄŸurt &amp; Kefir Makinesi, Channel: ArÃ§elik"
8,YouTube,@erdalsamak,https://www.youtube.com/watch?v=Lw-yO2y7Iq8,ArÃ§elik + Beko = piÅŸmanlÄ±ktÄ±r... 3 yÄ±ldÄ±r ilk gÃ¼n kurulumunu yaptÄ±klarÄ± buzdolabÄ±nda kronik bir arÄ±za var ve 3 yÄ±l aradan geÃ§ti hala arÄ±zayÄ± Ã§Ã¶zemediler. sÃ¼rekli servis randevusu oluÅŸturuyoruz 3 hafta sonraya randevu veriliyor gelen servis teknisyenleride bir haltan anlamÄ±yor maalesef. evimde kullandÄ±ÄŸÄ±m bÃ¼tÃ¼n beyaz eÅŸyallar Altus ve beko. bu sorunsuz servis ve mÃ¼ÅŸteri hizmetleri hizmetlerinden dolayÄ± artÄ±k benim iÃ§in Beko ve ArÃ§elik bitmiÅŸtir. Ã§evremdeki insanlara da asla tavsiye etmem...,N/A,N/A,N/A,"Video: YM 3200 I ArÃ§elik TadÄ± Varâ„¢ Probiyotik YoÄŸurt &amp; Kefir Makinesi, Channel: ArÃ§elik"
9,YouTube,@haktanpetek5662,https://www.youtube.com/watch?v=Lw-yO2y7Iq8,Merhaba smart tv apps aÃ§ilmiyor yardimci olur musunuz? Model A43 A 670 A,N/A,N/A,N/A,"Video: YM 3200 I ArÃ§elik TadÄ± Varâ„¢ Probiyotik YoÄŸurt &amp; Kefir Makinesi, Channel: ArÃ§elik"
10,YouTube,@yasirhamasoglu5169,https://www.youtube.com/watch?v=Lw-yO2y7Iq8,SakÄ±n ama sakÄ±n arÃ§elikten birÅŸey almayÄ±n kilimamÄ±z bozuk Ã§Ä±ktÄ± randevu<br>OluÅŸturmamza raÄŸmen mÃ¼ÅŸteri hizmetlerini arÄ±yoruz yardÄ±mcÄ± olacaklarÄ±nÄ± sÃ¶ylÃ¼yorlar ne yardÄ±mcÄ± oluyorlar nede servis geliyor arÃ§elik 5 para etmez,N/A,N/A,N/A,"Video: YM 3200 I ArÃ§elik TadÄ± Varâ„¢ Probiyotik YoÄŸurt &amp; Kefir Makinesi, Channel: ArÃ§elik"
11,YouTube,@gokhancardak6521,https://www.youtube.com/watch?v=Lw-yO2y7Iq8,Teknik servisten kimse gelmiyorlar sÄ±kÄ±ntÄ±lÄ± bir durum var randevu oluÅŸturdum ama haber yok geri dÃ¶nÃ¼ÅŸ yok PÄ°ÅMANLIK RESMEN,N/A,N/A,N/A,"Video: YM 3200 I ArÃ§elik TadÄ± Varâ„¢ Probiyotik YoÄŸurt &amp; Kefir Makinesi, Channel: ArÃ§elik"
